-- phpMyAdmin SQL Dump
-- version 4.3.11
-- http://www.phpmyadmin.net
--
-- Host: 127.0.0.1
-- Generation Time: 12 Nov 2017 pada 23.51
-- Versi Server: 5.6.24
-- PHP Version: 5.6.8

SET SQL_MODE = "NO_AUTO_VALUE_ON_ZERO";
SET time_zone = "+00:00";


/*!40101 SET @OLD_CHARACTER_SET_CLIENT=@@CHARACTER_SET_CLIENT */;
/*!40101 SET @OLD_CHARACTER_SET_RESULTS=@@CHARACTER_SET_RESULTS */;
/*!40101 SET @OLD_COLLATION_CONNECTION=@@COLLATION_CONNECTION */;
/*!40101 SET NAMES utf8 */;

--
-- Database: `dkp`
--

-- --------------------------------------------------------

--
-- Struktur dari tabel `bf_activities`
--

CREATE TABLE IF NOT EXISTS `bf_activities` (
  `activity_id` bigint(20) NOT NULL,
  `user_id` bigint(20) unsigned NOT NULL DEFAULT '0',
  `activity` varchar(255) NOT NULL,
  `module` varchar(255) NOT NULL,
  `created_on` datetime NOT NULL,
  `deleted` tinyint(12) NOT NULL DEFAULT '0'
) ENGINE=InnoDB AUTO_INCREMENT=170 DEFAULT CHARSET=utf8;

--
-- Dumping data untuk tabel `bf_activities`
--

INSERT INTO `bf_activities` (`activity_id`, `user_id`, `activity`, `module`, `created_on`, `deleted`) VALUES
(1, 1, 'logged in from: 127.0.0.1', 'users', '2017-04-19 10:28:27', 0),
(2, 1, 'Created Module: jalan : 127.0.0.1', 'modulebuilder', '2017-04-19 10:32:45', 0),
(3, 1, 'Created record with ID: 1 : 127.0.0.1', 'jalan', '2017-04-19 10:33:53', 0),
(4, 1, 'App settings saved from: 127.0.0.1', 'core', '2017-04-19 10:37:34', 0),
(5, 1, 'App settings saved from: 127.0.0.1', 'core', '2017-04-19 10:37:48', 0),
(6, 1, 'created a new User: rendi', 'users', '2017-04-19 10:39:01', 0),
(7, 2, 'logged in from: 127.0.0.1', 'users', '2017-04-19 10:39:09', 0),
(8, 1, 'logged in from: 127.0.0.1', 'users', '2017-04-27 11:19:52', 0),
(9, 1, 'Created record with ID: 24 : 127.0.0.1', 'jalan', '2017-04-27 15:07:50', 0),
(10, 1, 'Updated record with ID: 24 : 127.0.0.1', 'jalan', '2017-04-27 15:08:35', 0),
(11, 1, 'Updated record with ID: 24 : 127.0.0.1', 'jalan', '2017-04-27 15:09:02', 0),
(12, 1, 'App settings saved from: 127.0.0.1', 'core', '2017-04-27 15:55:18', 0),
(13, 1, 'Created record with ID: 25 : 127.0.0.1', 'jalan', '2017-04-27 16:09:49', 0),
(14, 1, 'Created record with ID: 26 : 127.0.0.1', 'jalan', '2017-04-27 20:03:44', 0),
(15, 1, 'modified user: Eka Wulandari', 'users', '2017-04-27 10:27:38', 0),
(16, 2, 'logged in from: 127.0.0.1', 'users', '2017-04-27 10:31:11', 0),
(17, 2, 'Created record with ID: 27 : 127.0.0.1', 'jalan', '2017-04-27 10:33:06', 0),
(18, 2, 'Updated record with ID: 27 : 127.0.0.1', 'jalan', '2017-04-27 10:35:03', 0),
(19, 1, 'logged in from: 127.0.0.1', 'users', '2017-04-28 04:13:32', 0),
(20, 1, 'Created record with ID: 28 : 127.0.0.1', 'jalan', '2017-04-28 04:14:39', 0),
(21, 1, 'Updated record with ID: 28 : 127.0.0.1', 'jalan', '2017-04-28 04:15:22', 0),
(22, 1, 'Created Module: tps : 127.0.0.1', 'modulebuilder', '2017-04-28 04:24:28', 0),
(23, 1, 'Created record with ID: 2 : 127.0.0.1', 'tps', '2017-04-28 04:33:23', 0),
(24, 2, 'logged in from: 127.0.0.1', 'users', '2017-04-28 15:26:00', 0),
(25, 2, 'logged in from: 127.0.0.1', 'users', '2017-04-28 15:38:53', 0),
(26, 2, 'logged in from: 127.0.0.1', 'users', '2017-04-28 15:46:21', 0),
(27, 2, 'Created record with ID: 29 : 127.0.0.1', 'jalan', '2017-04-28 16:17:15', 0),
(28, 2, 'Updated record with ID: 29 : 127.0.0.1', 'jalan', '2017-04-28 16:18:41', 0),
(29, 2, 'logged in from: 127.0.0.1', 'users', '2017-04-28 16:26:11', 0),
(30, 2, 'logged in from: 127.0.0.1', 'users', '2017-04-28 16:48:07', 0),
(31, 2, 'logged in from: 127.0.0.1', 'users', '2017-04-28 16:57:04', 0),
(32, 2, 'logged in from: 127.0.0.1', 'users', '2017-04-29 08:45:07', 0),
(33, 1, 'logged in from: 127.0.0.1', 'users', '2017-04-29 09:06:25', 0),
(34, 1, 'App settings saved from: 127.0.0.1', 'core', '2017-04-29 09:07:18', 0),
(35, 1, 'logged in from: 127.0.0.1', 'users', '2017-04-29 09:11:30', 0),
(36, 1, 'logged in from: 127.0.0.1', 'users', '2017-05-06 16:05:31', 0),
(37, 1, 'logged in from: 127.0.0.1', 'users', '2017-05-06 16:06:26', 0),
(38, 2, 'logged in from: 127.0.0.1', 'users', '2017-05-22 11:50:09', 0),
(39, 1, 'logged in from: 127.0.0.1', 'users', '2017-05-22 11:51:29', 0),
(40, 2, 'logged in from: 127.0.0.1', 'users', '2017-05-22 11:53:21', 0),
(41, 2, 'Updated record with ID: 2 : 127.0.0.1', 'jalan', '2017-05-22 11:54:08', 0),
(42, 2, 'logged in from: 127.0.0.1', 'users', '2017-05-22 19:21:55', 0),
(43, 2, 'Updated record with ID: 2 : 127.0.0.1', 'jalan', '2017-05-22 19:22:10', 0),
(44, 1, 'logged in from: 127.0.0.1', 'users', '2017-05-23 09:39:32', 0),
(45, 1, 'Created record with ID: 3 : 127.0.0.1', 'tps', '2017-05-23 11:11:46', 0),
(46, 1, 'Created record with ID: 4 : 127.0.0.1', 'tps', '2017-05-23 11:27:21', 0),
(47, 1, 'Created record with ID: 5 : 127.0.0.1', 'tps', '2017-06-12 06:45:31', 0),
(48, 2, 'logged in from: 127.0.0.1', 'users', '2017-07-18 06:58:00', 0),
(49, 2, 'logged in from: 127.0.0.1', 'users', '2017-07-18 07:04:03', 0),
(50, 1, 'logged in from: 127.0.0.1', 'users', '2017-07-18 07:07:27', 0),
(51, 1, 'logged in from: 127.0.0.1', 'users', '2017-07-18 07:15:22', 0),
(52, 2, 'logged in from: 127.0.0.1', 'users', '2017-07-18 07:23:27', 0),
(53, 2, 'Created record with ID: 6 : 127.0.0.1', 'tps', '2017-07-18 07:27:58', 0),
(54, 2, 'Created record with ID: 7 : 127.0.0.1', 'tps', '2017-07-18 08:48:27', 0),
(55, 1, 'logged in from: 127.0.0.1', 'users', '2017-07-20 05:07:12', 0),
(56, 1, 'logged in from: 127.0.0.1', 'users', '2017-07-20 12:27:52', 0),
(57, 1, 'logged in from: 127.0.0.1', 'users', '2017-07-23 16:15:50', 0),
(58, 1, 'Created record with ID: 8 : 127.0.0.1', 'tps', '2017-07-23 16:18:01', 0),
(59, 1, 'Created record with ID: 9 : 127.0.0.1', 'tps', '2017-07-23 16:37:15', 0),
(60, 1, 'Updated record with ID: 8 : 127.0.0.1', 'tps', '2017-07-23 16:37:47', 0),
(61, 1, 'logged in from: 127.0.0.1', 'users', '2017-07-24 14:47:44', 0),
(62, 1, 'Created record with ID: 10 : 127.0.0.1', 'tps', '2017-07-24 15:22:04', 0),
(63, 1, 'Created record with ID: 11 : 127.0.0.1', 'tps', '2017-07-24 15:38:11', 0),
(64, 1, 'logged in from: 127.0.0.1', 'users', '2017-08-06 23:59:59', 0),
(65, 1, 'logged in from: 127.0.0.1', 'users', '2017-08-08 21:46:23', 0),
(66, 1, 'Created Module: Rute : 127.0.0.1', 'modulebuilder', '2017-08-08 15:43:46', 0),
(67, 1, 'Created record with ID: 12 : 127.0.0.1', 'tps', '2017-08-08 16:00:21', 0),
(68, 1, 'logged in from: 127.0.0.1', 'users', '2017-08-14 14:48:03', 0),
(69, 1, 'logged in from: 127.0.0.1', 'users', '2017-08-18 06:20:39', 0),
(70, 1, 'Created record with ID: 13 : 127.0.0.1', 'tps', '2017-08-18 06:45:43', 0),
(71, 1, 'logged in from: 127.0.0.1', 'users', '2017-08-21 04:54:35', 0),
(72, 1, 'Created record with ID: 13 : 127.0.0.1', 'tps', '2017-08-21 07:05:31', 0),
(73, 1, 'Created record with ID: 14 : 127.0.0.1', 'tps', '2017-08-21 07:24:01', 0),
(74, 1, 'Created record with ID: 15 : 127.0.0.1', 'tps', '2017-08-21 08:22:37', 0),
(75, 1, 'Created record with ID: 16 : 127.0.0.1', 'tps', '2017-08-21 08:28:11', 0),
(76, 1, 'Created record with ID: 17 : 127.0.0.1', 'tps', '2017-08-21 09:25:28', 0),
(77, 1, 'Created record with ID: 18 : 127.0.0.1', 'tps', '2017-08-21 09:34:54', 0),
(78, 1, 'logged in from: 127.0.0.1', 'users', '2017-08-23 14:35:15', 0),
(79, 1, 'logged in from: 127.0.0.1', 'users', '2017-08-24 06:11:39', 0),
(80, 1, 'Created record with ID: 19 : 127.0.0.1', 'tps', '2017-08-24 08:08:48', 0),
(81, 1, 'Created record with ID: 20 : 127.0.0.1', 'tps', '2017-08-24 08:11:13', 0),
(82, 1, 'Created record with ID: 21 : 127.0.0.1', 'tps', '2017-08-24 08:24:01', 0),
(83, 1, 'Created record with ID: 22 : 127.0.0.1', 'tps', '2017-08-24 08:33:16', 0),
(84, 1, 'Updated record with ID: 20 : 127.0.0.1', 'tps', '2017-08-24 08:33:55', 0),
(85, 1, 'Created record with ID: 23 : 127.0.0.1', 'tps', '2017-08-24 08:36:49', 0),
(86, 1, 'Created record with ID: 24 : 127.0.0.1', 'tps', '2017-08-24 08:43:22', 0),
(87, 1, 'Created record with ID: 25 : 127.0.0.1', 'tps', '2017-08-24 08:48:40', 0),
(88, 1, 'Created record with ID: 26 : 127.0.0.1', 'tps', '2017-08-24 08:55:06', 0),
(89, 1, 'Created record with ID: 27 : 127.0.0.1', 'tps', '2017-08-24 08:58:42', 0),
(90, 1, 'Created record with ID: 28 : 127.0.0.1', 'tps', '2017-08-24 09:02:39', 0),
(91, 1, 'Created record with ID: 29 : 127.0.0.1', 'tps', '2017-08-24 09:06:24', 0),
(92, 1, 'Created record with ID: 30 : 127.0.0.1', 'tps', '2017-08-24 09:08:01', 0),
(93, 1, 'Created record with ID: 31 : 127.0.0.1', 'tps', '2017-08-24 09:09:06', 0),
(94, 1, 'Created record with ID: 32 : 127.0.0.1', 'tps', '2017-08-24 09:10:21', 0),
(95, 1, 'Created record with ID: 33 : 127.0.0.1', 'tps', '2017-08-24 09:15:04', 0),
(96, 1, 'logged in from: 127.0.0.1', 'users', '2017-09-07 05:41:56', 0),
(97, 1, 'Updated record with ID: 2 : 127.0.0.1', 'jalan', '2017-09-07 06:25:14', 0),
(98, 1, 'Updated record with ID: 3 : 127.0.0.1', 'jalan', '2017-09-07 06:32:46', 0),
(99, 1, 'Updated record with ID: 2 : 127.0.0.1', 'jalan', '2017-09-07 06:48:31', 0),
(100, 1, 'Updated record with ID: 3 : 127.0.0.1', 'jalan', '2017-09-07 06:48:45', 0),
(101, 1, 'logged in from: 127.0.0.1', 'users', '2017-09-13 08:13:47', 0),
(102, 1, 'Updated record with ID: 2 : 127.0.0.1', 'jalan', '2017-09-13 08:24:16', 0),
(103, 1, 'Updated record with ID: 2 : 127.0.0.1', 'jalan', '2017-09-13 09:11:15', 0),
(104, 2, 'logged in from: 127.0.0.1', 'users', '2017-09-14 09:28:38', 0),
(105, 1, 'logged in from: 127.0.0.1', 'users', '2017-09-14 09:32:12', 0),
(106, 2, 'logged in from: 127.0.0.1', 'users', '2017-09-19 22:17:15', 0),
(107, 1, 'logged in from: 127.0.0.1', 'users', '2017-09-19 22:19:46', 0),
(108, 1, 'Deleted Module: LaporAngkut : 127.0.0.1', 'builder', '2017-09-19 22:24:53', 0),
(109, 1, 'Created Module: LaporAngkut : 127.0.0.1', 'modulebuilder', '2017-09-19 22:25:55', 0),
(110, 1, 'Migrate Type: laporangkut_ to Version: 2 from: 127.0.0.1', 'migrations', '2017-09-19 22:26:46', 0),
(111, 1, 'Migration module: laporangkut Version: 2 from: 127.0.0.1', 'migrations', '2017-09-19 22:26:46', 0),
(112, 1, 'Deleted Module: LaporAngkut : 127.0.0.1', 'builder', '2017-09-19 22:29:38', 0),
(113, 1, 'Created Module: LaporAngkut : 127.0.0.1', 'modulebuilder', '2017-09-19 22:31:10', 0),
(114, 1, 'Migrate Type: laporangkut_ to Version: 2 from: 127.0.0.1', 'migrations', '2017-09-19 22:31:54', 0),
(115, 1, 'Migration module: laporangkut Version: 2 from: 127.0.0.1', 'migrations', '2017-09-19 22:31:54', 0),
(116, 1, 'logged in from: 127.0.0.1', 'users', '2017-09-20 14:58:15', 0),
(117, 1, 'created a new Pengangkut Sampah: Anto Marudin', 'users', '2017-09-20 15:09:16', 0),
(118, 3, 'logged in from: 127.0.0.1', 'users', '2017-09-20 15:09:48', 0),
(119, 1, 'logged in from: 127.0.0.1', 'users', '2017-09-20 17:33:38', 0),
(120, 1, 'logged in from: 127.0.0.1', 'users', '2017-09-20 20:50:15', 0),
(121, 1, 'logged in from: 127.0.0.1', 'users', '2017-09-21 08:15:05', 0),
(122, 1, 'Deleted Module: LaporAngkut : 127.0.0.1', 'builder', '2017-09-21 10:44:01', 0),
(123, 1, 'Deleted Module: Laporangkut : 127.0.0.1', 'builder', '2017-09-21 10:44:10', 0),
(124, 1, 'Created Module: Pengangkutan Sampah : 127.0.0.1', 'modulebuilder', '2017-09-21 10:51:52', 0),
(125, 3, 'logged in from: 127.0.0.1', 'users', '2017-09-21 12:04:51', 0),
(126, 1, 'logged in from: 127.0.0.1', 'users', '2017-09-21 12:05:15', 0),
(127, 3, 'logged in from: 127.0.0.1', 'users', '2017-09-21 12:07:25', 0),
(128, 1, 'logged in from: 127.0.0.1', 'users', '2017-09-21 20:41:51', 0),
(129, 1, 'logged in from: 127.0.0.1', 'users', '2017-10-09 09:29:15', 0),
(130, 3, 'logged in from: 127.0.0.1', 'users', '2017-10-09 09:32:08', 0),
(131, 1, 'logged in from: 127.0.0.1', 'users', '2017-10-12 08:44:04', 0),
(132, 1, 'logged in from: 127.0.0.1', 'users', '2017-10-17 09:51:28', 0),
(133, 1, 'Created Module: Laporan Masyarakat : 127.0.0.1', 'modulebuilder', '2017-10-17 10:10:30', 0),
(134, 1, 'logged in from: 127.0.0.1', 'users', '2017-10-17 20:15:11', 0),
(135, 1, 'logged in from: 127.0.0.1', 'users', '2017-10-18 16:26:32', 0),
(136, 1, 'Updated record with ID: 8 : 127.0.0.1', 'tps', '2017-10-18 16:30:35', 0),
(137, 1, 'logged in from: 127.0.0.1', 'users', '2017-10-18 20:11:53', 0),
(138, 1, 'logged in from: 127.0.0.1', 'users', '2017-10-19 13:26:59', 0),
(139, 1, 'logged in from: 127.0.0.1', 'users', '2017-10-19 14:56:48', 0),
(140, 1, 'logged in from: 127.0.0.1', 'users', '2017-10-21 10:11:27', 0),
(141, 1, 'logged in from: 127.0.0.1', 'users', '2017-10-21 10:15:09', 0),
(142, 1, 'logged in from: 127.0.0.1', 'users', '2017-10-21 15:10:50', 0),
(143, 1, 'logged in from: 127.0.0.1', 'users', '2017-10-23 18:46:22', 0),
(144, 1, 'logged in from: 127.0.0.1', 'users', '2017-11-02 20:31:38', 0),
(145, 1, 'logged in from: 127.0.0.1', 'users', '2017-11-03 07:46:28', 0),
(146, 1, 'logged in from: 127.0.0.1', 'users', '2017-11-03 08:09:49', 0),
(147, 1, 'modified user: Anto Marudin', 'users', '2017-11-03 08:10:37', 0),
(148, 3, 'logged in from: 127.0.0.1', 'users', '2017-11-03 08:10:57', 0),
(149, 1, 'logged in from: 127.0.0.1', 'users', '2017-11-03 09:12:51', 0),
(150, 3, 'logged in from: 127.0.0.1', 'users', '2017-11-03 10:16:03', 0),
(151, 3, 'logged in from: 127.0.0.1', 'users', '2017-11-03 14:51:00', 0),
(152, 3, 'logged in from: 127.0.0.1', 'users', '2017-11-03 18:56:06', 0),
(153, 3, 'logged in from: 127.0.0.1', 'users', '2017-11-03 20:40:55', 0),
(154, 3, 'logged in from: 127.0.0.1', 'users', '2017-11-03 20:41:50', 0),
(155, 3, 'logged in from: 127.0.0.1', 'users', '2017-11-04 05:35:10', 0),
(156, 3, 'logged in from: 127.0.0.1', 'users', '2017-11-04 08:13:04', 0),
(157, 3, 'logged in from: 127.0.0.1', 'users', '2017-11-04 16:05:21', 0),
(158, 1, 'logged in from: 127.0.0.1', 'users', '2017-11-05 07:29:00', 0),
(159, 1, 'logged in from: 127.0.0.1', 'users', '2017-11-07 16:52:53', 0),
(160, 1, 'logged in from: 127.0.0.1', 'users', '2017-11-10 11:29:27', 0),
(161, 1, 'logged in from: 127.0.0.1', 'users', '2017-11-12 12:51:10', 0),
(162, 1, 'logged in from: 127.0.0.1', 'users', '2017-11-12 13:03:31', 0),
(163, 1, 'Created Module: Profil : 127.0.0.1', 'modulebuilder', '2017-11-12 13:09:11', 0),
(164, 1, 'Created record with ID: 1 : 127.0.0.1', 'profil', '2017-11-12 13:20:42', 0),
(165, 1, 'Created record with ID: 2 : 127.0.0.1', 'profil', '2017-11-12 14:38:01', 0),
(166, 1, 'Updated record with ID: 1 : 127.0.0.1', 'profil', '2017-11-12 14:39:26', 0),
(167, 1, 'Updated record with ID: 2 : 127.0.0.1', 'profil', '2017-11-12 14:39:36', 0),
(168, 1, 'Created record with ID: 3 : 127.0.0.1', 'profil', '2017-11-12 14:55:23', 0),
(169, 1, 'logged in from: 127.0.0.1', 'users', '2017-11-12 22:54:34', 0);

-- --------------------------------------------------------

--
-- Struktur dari tabel `bf_ci3_sessions`
--

CREATE TABLE IF NOT EXISTS `bf_ci3_sessions` (
  `id` varchar(40) NOT NULL,
  `ip_address` varchar(45) NOT NULL,
  `timestamp` int(10) unsigned NOT NULL DEFAULT '0',
  `data` blob NOT NULL
) ENGINE=InnoDB DEFAULT CHARSET=utf8;

--
-- Dumping data untuk tabel `bf_ci3_sessions`
--

INSERT INTO `bf_ci3_sessions` (`id`, `ip_address`, `timestamp`, `data`) VALUES
('0a994743ab1602f4aa5a2850ad93f8fa7acffc11', '127.0.0.1', 1510504226, 0x5f5f63695f6c6173745f726567656e65726174657c693a313531303530333938303b7265717565737465645f706167657c733a35303a22687474703a2f2f646b702e70656b616e626172752e69642f61646d696e2f636f6e74656e742f6a616c616e2f637265617465223b757365725f69647c733a313a2231223b617574685f637573746f6d7c733a353a2261646d696e223b757365725f746f6b656e7c733a34303a2261666332396365316530326630353732316666356162613935616362383933383663653339626432223b6964656e746974797c733a353a2261646d696e223b726f6c655f69647c733a313a2231223b6c6f676765645f696e7c623a313b6c616e67756167657c733a373a22656e676c697368223b70726576696f75735f706167657c733a35303a22687474703a2f2f646b702e70656b616e626172752e69642f61646d696e2f636f6e74656e742f6a616c616e2f637265617465223b),
('0b3792731dde1c58228ea5893a1bc0c334a60755', '127.0.0.1', 1510496672, 0x5f5f63695f6c6173745f726567656e65726174657c693a313531303439363437313b7265717565737465645f706167657c733a33393a22687474703a2f2f646b702e70656b616e626172752e69642f686f6d652f616b73695f6c61706f72223b70726576696f75735f706167657c733a33393a22687474703a2f2f646b702e70656b616e626172752e69642f686f6d652f616b73695f6c61706f72223b),
('0c4684f50b6226354c2b77c5f195ac67374ffdcd', '127.0.0.1', 1510481743, 0x5f5f63695f6c6173745f726567656e65726174657c693a313531303438313538393b7265717565737465645f706167657c733a33353a22687474703a2f2f646b702e70656b616e626172752e69642f7470732f67656f6a736f6e223b70726576696f75735f706167657c733a33353a22687474703a2f2f646b702e70656b616e626172752e69642f7470732f67656f6a736f6e223b757365725f69647c733a313a2231223b617574685f637573746f6d7c733a353a2261646d696e223b757365725f746f6b656e7c733a34303a2261666332396365316530326630353732316666356162613935616362383933383663653339626432223b6964656e746974797c733a353a2261646d696e223b726f6c655f69647c733a313a2231223b6c6f676765645f696e7c623a313b6c616e67756167657c733a373a22656e676c697368223b),
('1471462b97d8a459a5f756c4a16d0c95e212aa15', '127.0.0.1', 1510500573, 0x5f5f63695f6c6173745f726567656e65726174657c693a313531303530303537313b7265717565737465645f706167657c733a33353a22687474703a2f2f646b702e70656b616e626172752e69642f7470732f67656f6a736f6e223b70726576696f75735f706167657c733a33353a22687474703a2f2f646b702e70656b616e626172752e69642f7470732f67656f6a736f6e223b),
('167c28078550084e82cd1960d0faffb1b0e692c0', '127.0.0.1', 1510504911, 0x5f5f63695f6c6173745f726567656e65726174657c693a313531303530343633383b7265717565737465645f706167657c733a35303a22687474703a2f2f646b702e70656b616e626172752e69642f61646d696e2f636f6e74656e742f6a616c616e2f656469742f32223b757365725f69647c733a313a2231223b617574685f637573746f6d7c733a353a2261646d696e223b757365725f746f6b656e7c733a34303a2261666332396365316530326630353732316666356162613935616362383933383663653339626432223b6964656e746974797c733a353a2261646d696e223b726f6c655f69647c733a313a2231223b6c6f676765645f696e7c623a313b6c616e67756167657c733a373a22656e676c697368223b70726576696f75735f706167657c733a35303a22687474703a2f2f646b702e70656b616e626172752e69642f61646d696e2f636f6e74656e742f6a616c616e2f656469742f32223b),
('1cbc7db66f259a193099312978e0aa6edeb4609a', '127.0.0.1', 1510499251, 0x5f5f63695f6c6173745f726567656e65726174657c693a313531303439393035303b7265717565737465645f706167657c733a33393a22687474703a2f2f646b702e70656b616e626172752e69642f686f6d652f616b73695f6c61706f72223b70726576696f75735f706167657c733a33393a22687474703a2f2f646b702e70656b616e626172752e69642f686f6d652f616b73695f6c61706f72223b),
('2c8019f28790aed5e49e9227b948d3b0376a0de1', '127.0.0.1', 1510482754, 0x5f5f63695f6c6173745f726567656e65726174657c693a313531303438323730303b7265717565737465645f706167657c733a33393a22687474703a2f2f646b702e70656b616e626172752e69642f686f6d652f616b73695f6c61706f72223b70726576696f75735f706167657c733a33393a22687474703a2f2f646b702e70656b616e626172752e69642f686f6d652f616b73695f6c61706f72223b),
('2dd03027e299ce5d6538d825d156969b0d41295c', '127.0.0.1', 1510502714, 0x5f5f63695f6c6173745f726567656e65726174657c693a313531303530323434323b7265717565737465645f706167657c733a34383a22687474703a2f2f646b702e70656b616e626172752e69642f61646d696e2f636f6e74656e742f7470732f637265617465223b757365725f69647c733a313a2231223b617574685f637573746f6d7c733a353a2261646d696e223b757365725f746f6b656e7c733a34303a2261666332396365316530326630353732316666356162613935616362383933383663653339626432223b6964656e746974797c733a353a2261646d696e223b726f6c655f69647c733a313a2231223b6c6f676765645f696e7c623a313b6c616e67756167657c733a373a22656e676c697368223b70726576696f75735f706167657c733a34383a22687474703a2f2f646b702e70656b616e626172752e69642f61646d696e2f636f6e74656e742f7470732f637265617465223b),
('3322b50f8799af26da1a6a393f0f39b7ea6c89de', '127.0.0.1', 1510502093, 0x5f5f63695f6c6173745f726567656e65726174657c693a313531303530313936373b7265717565737465645f706167657c733a34383a22687474703a2f2f646b702e70656b616e626172752e69642f61646d696e2f636f6e74656e742f7470732f637265617465223b757365725f69647c733a313a2231223b617574685f637573746f6d7c733a353a2261646d696e223b757365725f746f6b656e7c733a34303a2261666332396365316530326630353732316666356162613935616362383933383663653339626432223b6964656e746974797c733a353a2261646d696e223b726f6c655f69647c733a313a2231223b6c6f676765645f696e7c623a313b6c616e67756167657c733a373a22656e676c697368223b70726576696f75735f706167657c733a34383a22687474703a2f2f646b702e70656b616e626172752e69642f61646d696e2f636f6e74656e742f7470732f637265617465223b),
('4e552aaba8f749aeed563375180f458ac77152be', '127.0.0.1', 1510495051, 0x5f5f63695f6c6173745f726567656e65726174657c693a313531303439343838333b7265717565737465645f706167657c733a33393a22687474703a2f2f646b702e70656b616e626172752e69642f686f6d652f616b73695f6c61706f72223b70726576696f75735f706167657c733a33393a22687474703a2f2f646b702e70656b616e626172752e69642f686f6d652f616b73695f6c61706f72223b),
('50ac7454e8d734dd7bab58be8ec0e924ab65b94c', '127.0.0.1', 1510482488, 0x5f5f63695f6c6173745f726567656e65726174657c693a313531303438323331393b7265717565737465645f706167657c733a33373a22687474703a2f2f646b702e70656b616e626172752e69642f6a616c616e2f67656f6a736f6e223b70726576696f75735f706167657c733a33373a22687474703a2f2f646b702e70656b616e626172752e69642f6a616c616e2f67656f6a736f6e223b),
('5460b4b1b0b53592bf019ff4f899b854006cae25', '127.0.0.1', 1510504596, 0x5f5f63695f6c6173745f726567656e65726174657c693a313531303530343333333b7265717565737465645f706167657c733a35303a22687474703a2f2f646b702e70656b616e626172752e69642f61646d696e2f636f6e74656e742f6a616c616e2f656469742f32223b757365725f69647c733a313a2231223b617574685f637573746f6d7c733a353a2261646d696e223b757365725f746f6b656e7c733a34303a2261666332396365316530326630353732316666356162613935616362383933383663653339626432223b6964656e746974797c733a353a2261646d696e223b726f6c655f69647c733a313a2231223b6c6f676765645f696e7c623a313b6c616e67756167657c733a373a22656e676c697368223b70726576696f75735f706167657c733a35303a22687474703a2f2f646b702e70656b616e626172752e69642f61646d696e2f636f6e74656e742f6a616c616e2f656469742f32223b),
('546d4eeea49c9a00d9560a9db7864d6ef90349e7', '127.0.0.1', 1510487390, 0x5f5f63695f6c6173745f726567656e65726174657c693a313531303438373138313b7265717565737465645f706167657c733a33393a22687474703a2f2f646b702e70656b616e626172752e69642f686f6d652f616b73695f6c61706f72223b70726576696f75735f706167657c733a33393a22687474703a2f2f646b702e70656b616e626172752e69642f686f6d652f616b73695f6c61706f72223b),
('55a882e6027dd5719c917b06b993a819b5190cae', '127.0.0.1', 1510501580, 0x5f5f63695f6c6173745f726567656e65726174657c693a313531303530313537383b7265717565737465645f706167657c733a32393a22687474703a2f2f646b702e70656b616e626172752e69642f61646d696e223b6d6573736167657c733a34373a226572726f723a3a596f75206d757374206265206c6f6767656420696e20746f2076696577207468617420706167652e223b5f5f63695f766172737c613a313a7b733a373a226d657373616765223b733a333a226f6c64223b7d),
('5ba52472a638dd7630f0c61e4eacd6a419290ddf', '127.0.0.1', 1510501303, 0x5f5f63695f6c6173745f726567656e65726174657c693a313531303530313030383b7265717565737465645f706167657c733a34393a22687474703a2f2f646b702e70656b616e626172752e69642f696d616765732f6b6f74612d70656b616e626172752e6a7067223b70726576696f75735f706167657c733a34393a22687474703a2f2f646b702e70656b616e626172752e69642f696d616765732f6b6f74612d70656b616e626172752e6a7067223b),
('5ee9b7ee9afb115ead5f2979923370716d47bcba', '127.0.0.1', 1510498615, 0x5f5f63695f6c6173745f726567656e65726174657c693a313531303439383339323b7265717565737465645f706167657c733a33393a22687474703a2f2f646b702e70656b616e626172752e69642f686f6d652f616b73695f6c61706f72223b70726576696f75735f706167657c733a33393a22687474703a2f2f646b702e70656b616e626172752e69642f686f6d652f616b73695f6c61706f72223b),
('6aa3c026cf498ad752ec93d700de21018f04094e', '127.0.0.1', 1510505195, 0x5f5f63695f6c6173745f726567656e65726174657c693a313531303530343936313b7265717565737465645f706167657c733a34333a22687474703a2f2f646b702e70656b616e626172752e69642f61646d696e2f636f6e74656e742f6a616c616e223b757365725f69647c733a313a2231223b617574685f637573746f6d7c733a353a2261646d696e223b757365725f746f6b656e7c733a34303a2261666332396365316530326630353732316666356162613935616362383933383663653339626432223b6964656e746974797c733a353a2261646d696e223b726f6c655f69647c733a313a2231223b6c6f676765645f696e7c623a313b6c616e67756167657c733a373a22656e676c697368223b70726576696f75735f706167657c733a34333a22687474703a2f2f646b702e70656b616e626172752e69642f61646d696e2f636f6e74656e742f6a616c616e223b),
('7f0a9d7f270c15e9bd6ed9ad2775c0812b0f9c0b', '127.0.0.1', 1510503926, 0x5f5f63695f6c6173745f726567656e65726174657c693a313531303530333633313b7265717565737465645f706167657c733a35303a22687474703a2f2f646b702e70656b616e626172752e69642f61646d696e2f636f6e74656e742f6a616c616e2f656469742f32223b757365725f69647c733a313a2231223b617574685f637573746f6d7c733a353a2261646d696e223b757365725f746f6b656e7c733a34303a2261666332396365316530326630353732316666356162613935616362383933383663653339626432223b6964656e746974797c733a353a2261646d696e223b726f6c655f69647c733a313a2231223b6c6f676765645f696e7c623a313b6c616e67756167657c733a373a22656e676c697368223b70726576696f75735f706167657c733a35303a22687474703a2f2f646b702e70656b616e626172752e69642f61646d696e2f636f6e74656e742f6a616c616e2f656469742f32223b),
('87e0e15474f112831b22d8a55f7e65cf484bdc95', '127.0.0.1', 1510501459, 0x5f5f63695f6c6173745f726567656e65726174657c693a313531303530313435383b7265717565737465645f706167657c733a34393a22687474703a2f2f646b702e70656b616e626172752e69642f696d616765732f6b6f74612d70656b616e626172752e6a7067223b70726576696f75735f706167657c733a34393a22687474703a2f2f646b702e70656b616e626172752e69642f696d616765732f6b6f74612d70656b616e626172752e6a7067223b),
('9a4e6c4b275af1288c6922fc396a4f07f41e5a06', '127.0.0.1', 1510503364, 0x5f5f63695f6c6173745f726567656e65726174657c693a313531303530333330343b7265717565737465645f706167657c733a34383a22687474703a2f2f646b702e70656b616e626172752e69642f61646d696e2f636f6e74656e742f7470732f656469742f38223b757365725f69647c733a313a2231223b617574685f637573746f6d7c733a353a2261646d696e223b757365725f746f6b656e7c733a34303a2261666332396365316530326630353732316666356162613935616362383933383663653339626432223b6964656e746974797c733a353a2261646d696e223b726f6c655f69647c733a313a2231223b6c6f676765645f696e7c623a313b6c616e67756167657c733a373a22656e676c697368223b70726576696f75735f706167657c733a34383a22687474703a2f2f646b702e70656b616e626172752e69642f61646d696e2f636f6e74656e742f7470732f656469742f38223b),
('c10e879c154b3daace45ecee8c45dda002a674e4', '127.0.0.1', 1510503061, 0x5f5f63695f6c6173745f726567656e65726174657c693a313531303530323737393b7265717565737465645f706167657c733a34383a22687474703a2f2f646b702e70656b616e626172752e69642f61646d696e2f636f6e74656e742f7470732f637265617465223b757365725f69647c733a313a2231223b617574685f637573746f6d7c733a353a2261646d696e223b757365725f746f6b656e7c733a34303a2261666332396365316530326630353732316666356162613935616362383933383663653339626432223b6964656e746974797c733a353a2261646d696e223b726f6c655f69647c733a313a2231223b6c6f676765645f696e7c623a313b6c616e67756167657c733a373a22656e676c697368223b70726576696f75735f706167657c733a34383a22687474703a2f2f646b702e70656b616e626172752e69642f61646d696e2f636f6e74656e742f7470732f637265617465223b),
('d3b33b2e3c6732150966cf4cce00537320246f08', '127.0.0.1', 1510498119, 0x5f5f63695f6c6173745f726567656e65726174657c693a313531303439373937313b7265717565737465645f706167657c733a35333a22687474703a2f2f646b702e70656b616e626172752e69642f646f63732f646576656c6f7065722f626f6e666972655f6d6f64656c73223b70726576696f75735f706167657c733a35333a22687474703a2f2f646b702e70656b616e626172752e69642f646f63732f646576656c6f7065722f626f6e666972655f6d6f64656c73223b),
('d3ba3b80560435eaef274ea7ad3a2aaece93c7f8', '127.0.0.1', 1510478717, 0x5f5f63695f6c6173745f726567656e65726174657c693a313531303437383434393b7265717565737465645f706167657c733a34343a22687474703a2f2f646b702e70656b616e626172752e69642f61646d696e2f73657474696e67732f726f6c6573223b70726576696f75735f706167657c733a34343a22687474703a2f2f646b702e70656b616e626172752e69642f61646d696e2f73657474696e67732f726f6c6573223b757365725f69647c733a313a2231223b617574685f637573746f6d7c733a353a2261646d696e223b757365725f746f6b656e7c733a34303a2261666332396365316530326630353732316666356162613935616362383933383663653339626432223b6964656e746974797c733a353a2261646d696e223b726f6c655f69647c733a313a2231223b6c6f676765645f696e7c623a313b6c616e67756167657c733a373a22656e676c697368223b),
('e7e2e881ed78388f66a2c70d55a19e2fe10ef5e2', '127.0.0.1', 1510496363, 0x5f5f63695f6c6173745f726567656e65726174657c693a313531303439363036333b7265717565737465645f706167657c733a33393a22687474703a2f2f646b702e70656b616e626172752e69642f686f6d652f616b73695f6c61706f72223b70726576696f75735f706167657c733a33393a22687474703a2f2f646b702e70656b616e626172752e69642f686f6d652f616b73695f6c61706f72223b),
('e985c31545baf22729489def24304842f94ec0f6', '127.0.0.1', 1510487152, 0x5f5f63695f6c6173745f726567656e65726174657c693a313531303438363835393b7265717565737465645f706167657c733a33393a22687474703a2f2f646b702e70656b616e626172752e69642f686f6d652f616b73695f6c61706f72223b70726576696f75735f706167657c733a33393a22687474703a2f2f646b702e70656b616e626172752e69642f686f6d652f616b73695f6c61706f72223b),
('ea4c17f94f185ab9376fcabe4d3000092c2d30b3', '127.0.0.1', 1510491199, 0x5f5f63695f6c6173745f726567656e65726174657c693a313531303439303936353b7265717565737465645f706167657c733a33393a22687474703a2f2f646b702e70656b616e626172752e69642f686f6d652f616b73695f6c61706f72223b70726576696f75735f706167657c733a33393a22687474703a2f2f646b702e70656b616e626172752e69642f686f6d652f616b73695f6c61706f72223b),
('f38e6e9408ddca89bae81edab368b59a4a04cb7c', '127.0.0.1', 1510498916, 0x5f5f63695f6c6173745f726567656e65726174657c693a313531303439383732303b7265717565737465645f706167657c733a33393a22687474703a2f2f646b702e70656b616e626172752e69642f686f6d652f616b73695f6c61706f72223b70726576696f75735f706167657c733a33393a22687474703a2f2f646b702e70656b616e626172752e69642f686f6d652f616b73695f6c61706f72223b),
('f7c819dfa274efa5154469ec37bb545d71f7943c', '127.0.0.1', 1510477071, 0x5f5f63695f6c6173745f726567656e65726174657c693a313531303437373036393b7265717565737465645f706167657c733a34313a22687474703a2f2f646b702e70656b616e626172752e69642f61646d696e2f636f6e74656e742f747073223b70726576696f75735f706167657c733a34313a22687474703a2f2f646b702e70656b616e626172752e69642f61646d696e2f636f6e74656e742f747073223b757365725f69647c733a313a2231223b617574685f637573746f6d7c733a353a2261646d696e223b757365725f746f6b656e7c733a34303a2261666332396365316530326630353732316666356162613935616362383933383663653339626432223b6964656e746974797c733a353a2261646d696e223b726f6c655f69647c733a313a2231223b6c6f676765645f696e7c623a313b6c616e67756167657c733a373a22656e676c697368223b);

-- --------------------------------------------------------

--
-- Struktur dari tabel `bf_countries`
--

CREATE TABLE IF NOT EXISTS `bf_countries` (
  `iso` char(2) NOT NULL DEFAULT 'US',
  `name` varchar(80) NOT NULL,
  `printable_name` varchar(80) NOT NULL,
  `iso3` char(3) DEFAULT NULL,
  `numcode` smallint(6) DEFAULT NULL
) ENGINE=InnoDB DEFAULT CHARSET=utf8;

--
-- Dumping data untuk tabel `bf_countries`
--

INSERT INTO `bf_countries` (`iso`, `name`, `printable_name`, `iso3`, `numcode`) VALUES
('AD', 'ANDORRA', 'Andorra', 'AND', 20),
('AE', 'UNITED ARAB EMIRATES', 'United Arab Emirates', 'ARE', 784),
('AF', 'AFGHANISTAN', 'Afghanistan', 'AFG', 4),
('AG', 'ANTIGUA AND BARBUDA', 'Antigua and Barbuda', 'ATG', 28),
('AI', 'ANGUILLA', 'Anguilla', 'AIA', 660),
('AL', 'ALBANIA', 'Albania', 'ALB', 8),
('AM', 'ARMENIA', 'Armenia', 'ARM', 51),
('AN', 'NETHERLANDS ANTILLES', 'Netherlands Antilles', 'ANT', 530),
('AO', 'ANGOLA', 'Angola', 'AGO', 24),
('AQ', 'ANTARCTICA', 'Antarctica', NULL, NULL),
('AR', 'ARGENTINA', 'Argentina', 'ARG', 32),
('AS', 'AMERICAN SAMOA', 'American Samoa', 'ASM', 16),
('AT', 'AUSTRIA', 'Austria', 'AUT', 40),
('AU', 'AUSTRALIA', 'Australia', 'AUS', 36),
('AW', 'ARUBA', 'Aruba', 'ABW', 533),
('AZ', 'AZERBAIJAN', 'Azerbaijan', 'AZE', 31),
('BA', 'BOSNIA AND HERZEGOVINA', 'Bosnia and Herzegovina', 'BIH', 70),
('BB', 'BARBADOS', 'Barbados', 'BRB', 52),
('BD', 'BANGLADESH', 'Bangladesh', 'BGD', 50),
('BE', 'BELGIUM', 'Belgium', 'BEL', 56),
('BF', 'BURKINA FASO', 'Burkina Faso', 'BFA', 854),
('BG', 'BULGARIA', 'Bulgaria', 'BGR', 100),
('BH', 'BAHRAIN', 'Bahrain', 'BHR', 48),
('BI', 'BURUNDI', 'Burundi', 'BDI', 108),
('BJ', 'BENIN', 'Benin', 'BEN', 204),
('BM', 'BERMUDA', 'Bermuda', 'BMU', 60),
('BN', 'BRUNEI DARUSSALAM', 'Brunei Darussalam', 'BRN', 96),
('BO', 'BOLIVIA', 'Bolivia', 'BOL', 68),
('BR', 'BRAZIL', 'Brazil', 'BRA', 76),
('BS', 'BAHAMAS', 'Bahamas', 'BHS', 44),
('BT', 'BHUTAN', 'Bhutan', 'BTN', 64),
('BV', 'BOUVET ISLAND', 'Bouvet Island', NULL, NULL),
('BW', 'BOTSWANA', 'Botswana', 'BWA', 72),
('BY', 'BELARUS', 'Belarus', 'BLR', 112),
('BZ', 'BELIZE', 'Belize', 'BLZ', 84),
('CA', 'CANADA', 'Canada', 'CAN', 124),
('CC', 'COCOS (KEELING) ISLANDS', 'Cocos (Keeling) Islands', NULL, NULL),
('CD', 'CONGO, THE DEMOCRATIC REPUBLIC OF THE', 'Congo, the Democratic Republic of the', 'COD', 180),
('CF', 'CENTRAL AFRICAN REPUBLIC', 'Central African Republic', 'CAF', 140),
('CG', 'CONGO', 'Congo', 'COG', 178),
('CH', 'SWITZERLAND', 'Switzerland', 'CHE', 756),
('CI', 'COTE D''IVOIRE', 'Cote D''Ivoire', 'CIV', 384),
('CK', 'COOK ISLANDS', 'Cook Islands', 'COK', 184),
('CL', 'CHILE', 'Chile', 'CHL', 152),
('CM', 'CAMEROON', 'Cameroon', 'CMR', 120),
('CN', 'CHINA', 'China', 'CHN', 156),
('CO', 'COLOMBIA', 'Colombia', 'COL', 170),
('CR', 'COSTA RICA', 'Costa Rica', 'CRI', 188),
('CS', 'SERBIA AND MONTENEGRO', 'Serbia and Montenegro', NULL, NULL),
('CU', 'CUBA', 'Cuba', 'CUB', 192),
('CV', 'CAPE VERDE', 'Cape Verde', 'CPV', 132),
('CX', 'CHRISTMAS ISLAND', 'Christmas Island', NULL, NULL),
('CY', 'CYPRUS', 'Cyprus', 'CYP', 196),
('CZ', 'CZECH REPUBLIC', 'Czech Republic', 'CZE', 203),
('DE', 'GERMANY', 'Germany', 'DEU', 276),
('DJ', 'DJIBOUTI', 'Djibouti', 'DJI', 262),
('DK', 'DENMARK', 'Denmark', 'DNK', 208),
('DM', 'DOMINICA', 'Dominica', 'DMA', 212),
('DO', 'DOMINICAN REPUBLIC', 'Dominican Republic', 'DOM', 214),
('DZ', 'ALGERIA', 'Algeria', 'DZA', 12),
('EC', 'ECUADOR', 'Ecuador', 'ECU', 218),
('EE', 'ESTONIA', 'Estonia', 'EST', 233),
('EG', 'EGYPT', 'Egypt', 'EGY', 818),
('EH', 'WESTERN SAHARA', 'Western Sahara', 'ESH', 732),
('ER', 'ERITREA', 'Eritrea', 'ERI', 232),
('ES', 'SPAIN', 'Spain', 'ESP', 724),
('ET', 'ETHIOPIA', 'Ethiopia', 'ETH', 231),
('FI', 'FINLAND', 'Finland', 'FIN', 246),
('FJ', 'FIJI', 'Fiji', 'FJI', 242),
('FK', 'FALKLAND ISLANDS (MALVINAS)', 'Falkland Islands (Malvinas)', 'FLK', 238),
('FM', 'MICRONESIA, FEDERATED STATES OF', 'Micronesia, Federated States of', 'FSM', 583),
('FO', 'FAROE ISLANDS', 'Faroe Islands', 'FRO', 234),
('FR', 'FRANCE', 'France', 'FRA', 250),
('GA', 'GABON', 'Gabon', 'GAB', 266),
('GB', 'UNITED KINGDOM', 'United Kingdom', 'GBR', 826),
('GD', 'GRENADA', 'Grenada', 'GRD', 308),
('GE', 'GEORGIA', 'Georgia', 'GEO', 268),
('GF', 'FRENCH GUIANA', 'French Guiana', 'GUF', 254),
('GH', 'GHANA', 'Ghana', 'GHA', 288),
('GI', 'GIBRALTAR', 'Gibraltar', 'GIB', 292),
('GL', 'GREENLAND', 'Greenland', 'GRL', 304),
('GM', 'GAMBIA', 'Gambia', 'GMB', 270),
('GN', 'GUINEA', 'Guinea', 'GIN', 324),
('GP', 'GUADELOUPE', 'Guadeloupe', 'GLP', 312),
('GQ', 'EQUATORIAL GUINEA', 'Equatorial Guinea', 'GNQ', 226),
('GR', 'GREECE', 'Greece', 'GRC', 300),
('GS', 'SOUTH GEORGIA AND THE SOUTH SANDWICH ISLANDS', 'South Georgia and the South Sandwich Islands', NULL, NULL),
('GT', 'GUATEMALA', 'Guatemala', 'GTM', 320),
('GU', 'GUAM', 'Guam', 'GUM', 316),
('GW', 'GUINEA-BISSAU', 'Guinea-Bissau', 'GNB', 624),
('GY', 'GUYANA', 'Guyana', 'GUY', 328),
('HK', 'HONG KONG', 'Hong Kong', 'HKG', 344),
('HM', 'HEARD ISLAND AND MCDONALD ISLANDS', 'Heard Island and Mcdonald Islands', NULL, NULL),
('HN', 'HONDURAS', 'Honduras', 'HND', 340),
('HR', 'CROATIA', 'Croatia', 'HRV', 191),
('HT', 'HAITI', 'Haiti', 'HTI', 332),
('HU', 'HUNGARY', 'Hungary', 'HUN', 348),
('ID', 'INDONESIA', 'Indonesia', 'IDN', 360),
('IE', 'IRELAND', 'Ireland', 'IRL', 372),
('IL', 'ISRAEL', 'Israel', 'ISR', 376),
('IN', 'INDIA', 'India', 'IND', 356),
('IO', 'BRITISH INDIAN OCEAN TERRITORY', 'British Indian Ocean Territory', NULL, NULL),
('IQ', 'IRAQ', 'Iraq', 'IRQ', 368),
('IR', 'IRAN, ISLAMIC REPUBLIC OF', 'Iran, Islamic Republic of', 'IRN', 364),
('IS', 'ICELAND', 'Iceland', 'ISL', 352),
('IT', 'ITALY', 'Italy', 'ITA', 380),
('JM', 'JAMAICA', 'Jamaica', 'JAM', 388),
('JO', 'JORDAN', 'Jordan', 'JOR', 400),
('JP', 'JAPAN', 'Japan', 'JPN', 392),
('KE', 'KENYA', 'Kenya', 'KEN', 404),
('KG', 'KYRGYZSTAN', 'Kyrgyzstan', 'KGZ', 417),
('KH', 'CAMBODIA', 'Cambodia', 'KHM', 116),
('KI', 'KIRIBATI', 'Kiribati', 'KIR', 296),
('KM', 'COMOROS', 'Comoros', 'COM', 174),
('KN', 'SAINT KITTS AND NEVIS', 'Saint Kitts and Nevis', 'KNA', 659),
('KP', 'KOREA, DEMOCRATIC PEOPLE''S REPUBLIC OF', 'Korea, Democratic People''s Republic of', 'PRK', 408),
('KR', 'KOREA, REPUBLIC OF', 'Korea, Republic of', 'KOR', 410),
('KW', 'KUWAIT', 'Kuwait', 'KWT', 414),
('KY', 'CAYMAN ISLANDS', 'Cayman Islands', 'CYM', 136),
('KZ', 'KAZAKHSTAN', 'Kazakhstan', 'KAZ', 398),
('LA', 'LAO PEOPLE''S DEMOCRATIC REPUBLIC', 'Lao People''s Democratic Republic', 'LAO', 418),
('LB', 'LEBANON', 'Lebanon', 'LBN', 422),
('LC', 'SAINT LUCIA', 'Saint Lucia', 'LCA', 662),
('LI', 'LIECHTENSTEIN', 'Liechtenstein', 'LIE', 438),
('LK', 'SRI LANKA', 'Sri Lanka', 'LKA', 144),
('LR', 'LIBERIA', 'Liberia', 'LBR', 430),
('LS', 'LESOTHO', 'Lesotho', 'LSO', 426),
('LT', 'LITHUANIA', 'Lithuania', 'LTU', 440),
('LU', 'LUXEMBOURG', 'Luxembourg', 'LUX', 442),
('LV', 'LATVIA', 'Latvia', 'LVA', 428),
('LY', 'LIBYAN ARAB JAMAHIRIYA', 'Libyan Arab Jamahiriya', 'LBY', 434),
('MA', 'MOROCCO', 'Morocco', 'MAR', 504),
('MC', 'MONACO', 'Monaco', 'MCO', 492),
('MD', 'MOLDOVA, REPUBLIC OF', 'Moldova, Republic of', 'MDA', 498),
('MG', 'MADAGASCAR', 'Madagascar', 'MDG', 450),
('MH', 'MARSHALL ISLANDS', 'Marshall Islands', 'MHL', 584),
('MK', 'MACEDONIA, THE FORMER YUGOSLAV REPUBLIC OF', 'Macedonia, the Former Yugoslav Republic of', 'MKD', 807),
('ML', 'MALI', 'Mali', 'MLI', 466),
('MM', 'MYANMAR', 'Myanmar', 'MMR', 104),
('MN', 'MONGOLIA', 'Mongolia', 'MNG', 496),
('MO', 'MACAO', 'Macao', 'MAC', 446),
('MP', 'NORTHERN MARIANA ISLANDS', 'Northern Mariana Islands', 'MNP', 580),
('MQ', 'MARTINIQUE', 'Martinique', 'MTQ', 474),
('MR', 'MAURITANIA', 'Mauritania', 'MRT', 478),
('MS', 'MONTSERRAT', 'Montserrat', 'MSR', 500),
('MT', 'MALTA', 'Malta', 'MLT', 470),
('MU', 'MAURITIUS', 'Mauritius', 'MUS', 480),
('MV', 'MALDIVES', 'Maldives', 'MDV', 462),
('MW', 'MALAWI', 'Malawi', 'MWI', 454),
('MX', 'MEXICO', 'Mexico', 'MEX', 484),
('MY', 'MALAYSIA', 'Malaysia', 'MYS', 458),
('MZ', 'MOZAMBIQUE', 'Mozambique', 'MOZ', 508),
('NA', 'NAMIBIA', 'Namibia', 'NAM', 516),
('NC', 'NEW CALEDONIA', 'New Caledonia', 'NCL', 540),
('NE', 'NIGER', 'Niger', 'NER', 562),
('NF', 'NORFOLK ISLAND', 'Norfolk Island', 'NFK', 574),
('NG', 'NIGERIA', 'Nigeria', 'NGA', 566),
('NI', 'NICARAGUA', 'Nicaragua', 'NIC', 558),
('NL', 'NETHERLANDS', 'Netherlands', 'NLD', 528),
('NO', 'NORWAY', 'Norway', 'NOR', 578),
('NP', 'NEPAL', 'Nepal', 'NPL', 524),
('NR', 'NAURU', 'Nauru', 'NRU', 520),
('NU', 'NIUE', 'Niue', 'NIU', 570),
('NZ', 'NEW ZEALAND', 'New Zealand', 'NZL', 554),
('OM', 'OMAN', 'Oman', 'OMN', 512),
('PA', 'PANAMA', 'Panama', 'PAN', 591),
('PE', 'PERU', 'Peru', 'PER', 604),
('PF', 'FRENCH POLYNESIA', 'French Polynesia', 'PYF', 258),
('PG', 'PAPUA NEW GUINEA', 'Papua New Guinea', 'PNG', 598),
('PH', 'PHILIPPINES', 'Philippines', 'PHL', 608),
('PK', 'PAKISTAN', 'Pakistan', 'PAK', 586),
('PL', 'POLAND', 'Poland', 'POL', 616),
('PM', 'SAINT PIERRE AND MIQUELON', 'Saint Pierre and Miquelon', 'SPM', 666),
('PN', 'PITCAIRN', 'Pitcairn', 'PCN', 612),
('PR', 'PUERTO RICO', 'Puerto Rico', 'PRI', 630),
('PS', 'PALESTINIAN TERRITORY, OCCUPIED', 'Palestinian Territory, Occupied', NULL, NULL),
('PT', 'PORTUGAL', 'Portugal', 'PRT', 620),
('PW', 'PALAU', 'Palau', 'PLW', 585),
('PY', 'PARAGUAY', 'Paraguay', 'PRY', 600),
('QA', 'QATAR', 'Qatar', 'QAT', 634),
('RE', 'REUNION', 'Reunion', 'REU', 638),
('RO', 'ROMANIA', 'Romania', 'ROM', 642),
('RU', 'RUSSIAN FEDERATION', 'Russian Federation', 'RUS', 643),
('RW', 'RWANDA', 'Rwanda', 'RWA', 646),
('SA', 'SAUDI ARABIA', 'Saudi Arabia', 'SAU', 682),
('SB', 'SOLOMON ISLANDS', 'Solomon Islands', 'SLB', 90),
('SC', 'SEYCHELLES', 'Seychelles', 'SYC', 690),
('SD', 'SUDAN', 'Sudan', 'SDN', 736),
('SE', 'SWEDEN', 'Sweden', 'SWE', 752),
('SG', 'SINGAPORE', 'Singapore', 'SGP', 702),
('SH', 'SAINT HELENA', 'Saint Helena', 'SHN', 654),
('SI', 'SLOVENIA', 'Slovenia', 'SVN', 705),
('SJ', 'SVALBARD AND JAN MAYEN', 'Svalbard and Jan Mayen', 'SJM', 744),
('SK', 'SLOVAKIA', 'Slovakia', 'SVK', 703),
('SL', 'SIERRA LEONE', 'Sierra Leone', 'SLE', 694),
('SM', 'SAN MARINO', 'San Marino', 'SMR', 674),
('SN', 'SENEGAL', 'Senegal', 'SEN', 686),
('SO', 'SOMALIA', 'Somalia', 'SOM', 706),
('SR', 'SURINAME', 'Suriname', 'SUR', 740),
('ST', 'SAO TOME AND PRINCIPE', 'Sao Tome and Principe', 'STP', 678),
('SV', 'EL SALVADOR', 'El Salvador', 'SLV', 222),
('SY', 'SYRIAN ARAB REPUBLIC', 'Syrian Arab Republic', 'SYR', 760),
('SZ', 'SWAZILAND', 'Swaziland', 'SWZ', 748),
('TC', 'TURKS AND CAICOS ISLANDS', 'Turks and Caicos Islands', 'TCA', 796),
('TD', 'CHAD', 'Chad', 'TCD', 148),
('TF', 'FRENCH SOUTHERN TERRITORIES', 'French Southern Territories', NULL, NULL),
('TG', 'TOGO', 'Togo', 'TGO', 768),
('TH', 'THAILAND', 'Thailand', 'THA', 764),
('TJ', 'TAJIKISTAN', 'Tajikistan', 'TJK', 762),
('TK', 'TOKELAU', 'Tokelau', 'TKL', 772),
('TL', 'TIMOR-LESTE', 'Timor-Leste', NULL, NULL),
('TM', 'TURKMENISTAN', 'Turkmenistan', 'TKM', 795),
('TN', 'TUNISIA', 'Tunisia', 'TUN', 788),
('TO', 'TONGA', 'Tonga', 'TON', 776),
('TR', 'TURKEY', 'Turkey', 'TUR', 792),
('TT', 'TRINIDAD AND TOBAGO', 'Trinidad and Tobago', 'TTO', 780),
('TV', 'TUVALU', 'Tuvalu', 'TUV', 798),
('TW', 'TAIWAN, PROVINCE OF CHINA', 'Taiwan, Province of China', 'TWN', 158),
('TZ', 'TANZANIA, UNITED REPUBLIC OF', 'Tanzania, United Republic of', 'TZA', 834),
('UA', 'UKRAINE', 'Ukraine', 'UKR', 804),
('UG', 'UGANDA', 'Uganda', 'UGA', 800),
('UM', 'UNITED STATES MINOR OUTLYING ISLANDS', 'United States Minor Outlying Islands', NULL, NULL),
('US', 'UNITED STATES', 'United States', 'USA', 840),
('UY', 'URUGUAY', 'Uruguay', 'URY', 858),
('UZ', 'UZBEKISTAN', 'Uzbekistan', 'UZB', 860),
('VA', 'HOLY SEE (VATICAN CITY STATE)', 'Holy See (Vatican City State)', 'VAT', 336),
('VC', 'SAINT VINCENT AND THE GRENADINES', 'Saint Vincent and the Grenadines', 'VCT', 670),
('VE', 'VENEZUELA', 'Venezuela', 'VEN', 862),
('VG', 'VIRGIN ISLANDS, BRITISH', 'Virgin Islands, British', 'VGB', 92),
('VI', 'VIRGIN ISLANDS, U.S.', 'Virgin Islands, U.s.', 'VIR', 850),
('VN', 'VIET NAM', 'Viet Nam', 'VNM', 704),
('VU', 'VANUATU', 'Vanuatu', 'VUT', 548),
('WF', 'WALLIS AND FUTUNA', 'Wallis and Futuna', 'WLF', 876),
('WS', 'SAMOA', 'Samoa', 'WSM', 882),
('YE', 'YEMEN', 'Yemen', 'YEM', 887),
('YT', 'MAYOTTE', 'Mayotte', NULL, NULL),
('ZA', 'SOUTH AFRICA', 'South Africa', 'ZAF', 710),
('ZM', 'ZAMBIA', 'Zambia', 'ZMB', 894),
('ZW', 'ZIMBABWE', 'Zimbabwe', 'ZWE', 716);

-- --------------------------------------------------------

--
-- Struktur dari tabel `bf_email_queue`
--

CREATE TABLE IF NOT EXISTS `bf_email_queue` (
  `id` int(11) NOT NULL,
  `to_email` varchar(254) NOT NULL,
  `subject` varchar(255) NOT NULL,
  `message` text NOT NULL,
  `alt_message` text,
  `max_attempts` int(11) NOT NULL DEFAULT '3',
  `attempts` int(11) NOT NULL DEFAULT '0',
  `success` tinyint(1) NOT NULL DEFAULT '0',
  `date_published` datetime DEFAULT NULL,
  `last_attempt` datetime DEFAULT NULL,
  `date_sent` datetime DEFAULT NULL,
  `csv_attachment` text
) ENGINE=InnoDB DEFAULT CHARSET=utf8;

-- --------------------------------------------------------

--
-- Struktur dari tabel `bf_laporangkut`
--

CREATE TABLE IF NOT EXISTS `bf_laporangkut` (
  `id_laporan` int(11) NOT NULL,
  `id_user` int(11) NOT NULL,
  `id_tps` int(11) NOT NULL,
  `tanggal_angkut` date NOT NULL,
  `waktu_angkut` time NOT NULL
) ENGINE=InnoDB AUTO_INCREMENT=10 DEFAULT CHARSET=latin1;

--
-- Dumping data untuk tabel `bf_laporangkut`
--

INSERT INTO `bf_laporangkut` (`id_laporan`, `id_user`, `id_tps`, `tanggal_angkut`, `waktu_angkut`) VALUES
(1, 3, 8, '2017-11-03', '16:48:01'),
(5, 3, 9, '2017-11-03', '21:25:02'),
(6, 3, 10, '2017-11-03', '21:25:05'),
(7, 3, 8, '2017-11-04', '05:37:28'),
(8, 3, 9, '2017-11-04', '05:37:30'),
(9, 3, 10, '2017-11-04', '05:37:32');

-- --------------------------------------------------------

--
-- Struktur dari tabel `bf_laporan_masyarakat`
--

CREATE TABLE IF NOT EXISTS `bf_laporan_masyarakat` (
  `id_laporanmas` int(11) NOT NULL,
  `tgl_laporanmas` datetime NOT NULL,
  `nama_pe_laporanmas` varchar(25) NOT NULL,
  `notel_laporanmas` varchar(14) NOT NULL,
  `email_laporanmas` varchar(30) DEFAULT NULL,
  `kelurahan_laporanmas` varchar(25) NOT NULL,
  `kecamatan_laporanmas` varchar(25) NOT NULL,
  `isi_laporanmas` text NOT NULL,
  `foto_laporanmas` varchar(40) DEFAULT NULL,
  `id_tps` varchar(40) NOT NULL,
  `status_laporan` tinyint(4) NOT NULL
) ENGINE=InnoDB AUTO_INCREMENT=4 DEFAULT CHARSET=utf8;

--
-- Dumping data untuk tabel `bf_laporan_masyarakat`
--

INSERT INTO `bf_laporan_masyarakat` (`id_laporanmas`, `tgl_laporanmas`, `nama_pe_laporanmas`, `notel_laporanmas`, `email_laporanmas`, `kelurahan_laporanmas`, `kecamatan_laporanmas`, `isi_laporanmas`, `foto_laporanmas`, `id_tps`, `status_laporan`) VALUES
(3, '2017-11-12 10:07:30', 'Hafizhan', '0897761231', 'chvrlzhn@gmail.com', 'Tuah Karya', 'Tampan', 'Laporan aja sih', 'Hafizhan-171112100730.jpg', '28', 0);

-- --------------------------------------------------------

--
-- Struktur dari tabel `bf_login_attempts`
--

CREATE TABLE IF NOT EXISTS `bf_login_attempts` (
  `id` bigint(20) NOT NULL,
  `ip_address` varchar(45) NOT NULL,
  `login` varchar(255) NOT NULL,
  `time` timestamp NOT NULL DEFAULT CURRENT_TIMESTAMP
) ENGINE=InnoDB DEFAULT CHARSET=utf8;

-- --------------------------------------------------------

--
-- Struktur dari tabel `bf_permissions`
--

CREATE TABLE IF NOT EXISTS `bf_permissions` (
  `permission_id` int(11) NOT NULL,
  `name` varchar(255) NOT NULL,
  `description` varchar(100) NOT NULL,
  `status` enum('active','inactive','deleted') NOT NULL DEFAULT 'active'
) ENGINE=InnoDB AUTO_INCREMENT=180 DEFAULT CHARSET=utf8;

--
-- Dumping data untuk tabel `bf_permissions`
--

INSERT INTO `bf_permissions` (`permission_id`, `name`, `description`, `status`) VALUES
(2, 'Site.Content.View', 'Allow users to view the Content Context', 'active'),
(3, 'Site.Reports.View', 'Allow users to view the Reports Context', 'active'),
(4, 'Site.Settings.View', 'Allow users to view the Settings Context', 'active'),
(5, 'Site.Developer.View', 'Allow users to view the Developer Context', 'active'),
(6, 'Bonfire.Roles.Manage', 'Allow users to manage the user Roles', 'active'),
(7, 'Bonfire.Users.Manage', 'Allow users to manage the site Users', 'active'),
(8, 'Bonfire.Users.View', 'Allow users access to the User Settings', 'active'),
(9, 'Bonfire.Users.Add', 'Allow users to add new Users', 'active'),
(10, 'Bonfire.Database.Manage', 'Allow users to manage the Database settings', 'active'),
(11, 'Bonfire.Emailer.Manage', 'Allow users to manage the Emailer settings', 'active'),
(12, 'Bonfire.Logs.View', 'Allow users access to the Log details', 'active'),
(13, 'Bonfire.Logs.Manage', 'Allow users to manage the Log files', 'active'),
(14, 'Bonfire.Emailer.View', 'Allow users access to the Emailer settings', 'active'),
(15, 'Site.Signin.Offline', 'Allow users to login to the site when the site is offline', 'active'),
(16, 'Bonfire.Permissions.View', 'Allow access to view the Permissions menu unders Settings Context', 'active'),
(17, 'Bonfire.Permissions.Manage', 'Allow access to manage the Permissions in the system', 'active'),
(18, 'Bonfire.Modules.Add', 'Allow creation of modules with the builder.', 'active'),
(19, 'Bonfire.Modules.Delete', 'Allow deletion of modules.', 'active'),
(20, 'Permissions.Administrator.Manage', 'To manage the access control permissions for the Administrator role.', 'active'),
(21, 'Permissions.Editor.Manage', 'To manage the access control permissions for the Editor role.', 'active'),
(23, 'Permissions.User.Manage', 'To manage the access control permissions for the User role.', 'active'),
(24, 'Permissions.Developer.Manage', 'To manage the access control permissions for the Developer role.', 'active'),
(26, 'Activities.Own.View', 'To view the users own activity logs', 'active'),
(27, 'Activities.Own.Delete', 'To delete the users own activity logs', 'active'),
(28, 'Activities.User.View', 'To view the user activity logs', 'active'),
(29, 'Activities.User.Delete', 'To delete the user activity logs, except own', 'active'),
(30, 'Activities.Module.View', 'To view the module activity logs', 'active'),
(31, 'Activities.Module.Delete', 'To delete the module activity logs', 'active'),
(32, 'Activities.Date.View', 'To view the users own activity logs', 'active'),
(33, 'Activities.Date.Delete', 'To delete the dated activity logs', 'active'),
(34, 'Bonfire.UI.Manage', 'Manage the Bonfire UI settings', 'active'),
(35, 'Bonfire.Settings.View', 'To view the site settings page.', 'active'),
(36, 'Bonfire.Settings.Manage', 'To manage the site settings.', 'active'),
(37, 'Bonfire.Activities.View', 'To view the Activities menu.', 'active'),
(38, 'Bonfire.Database.View', 'To view the Database menu.', 'active'),
(39, 'Bonfire.Migrations.View', 'To view the Migrations menu.', 'active'),
(40, 'Bonfire.Builder.View', 'To view the Modulebuilder menu.', 'active'),
(41, 'Bonfire.Roles.View', 'To view the Roles menu.', 'active'),
(42, 'Bonfire.Sysinfo.View', 'To view the System Information page.', 'active'),
(43, 'Bonfire.Translate.Manage', 'To manage the Language Translation.', 'active'),
(44, 'Bonfire.Translate.View', 'To view the Language Translate menu.', 'active'),
(45, 'Bonfire.UI.View', 'To view the UI/Keyboard Shortcut menu.', 'active'),
(48, 'Bonfire.Profiler.View', 'To view the Console Profiler Bar.', 'active'),
(49, 'Bonfire.Roles.Add', 'To add New Roles', 'active'),
(50, 'Jalan.Content.View', 'View Jalan Content', 'active'),
(51, 'Jalan.Content.Create', 'Create Jalan Content', 'active'),
(52, 'Jalan.Content.Edit', 'Edit Jalan Content', 'active'),
(53, 'Jalan.Content.Delete', 'Delete Jalan Content', 'active'),
(54, 'Jalan.Reports.View', 'View Jalan Reports', 'active'),
(55, 'Jalan.Reports.Create', 'Create Jalan Reports', 'active'),
(56, 'Jalan.Reports.Edit', 'Edit Jalan Reports', 'active'),
(57, 'Jalan.Reports.Delete', 'Delete Jalan Reports', 'active'),
(58, 'Jalan.Settings.View', 'View Jalan Settings', 'active'),
(59, 'Jalan.Settings.Create', 'Create Jalan Settings', 'active'),
(60, 'Jalan.Settings.Edit', 'Edit Jalan Settings', 'active'),
(61, 'Jalan.Settings.Delete', 'Delete Jalan Settings', 'active'),
(62, 'Jalan.Developer.View', 'View Jalan Developer', 'active'),
(63, 'Jalan.Developer.Create', 'Create Jalan Developer', 'active'),
(64, 'Jalan.Developer.Edit', 'Edit Jalan Developer', 'active'),
(65, 'Jalan.Developer.Delete', 'Delete Jalan Developer', 'active'),
(66, 'Tps.Content.View', 'View Tps Content', 'active'),
(67, 'Tps.Content.Create', 'Create Tps Content', 'active'),
(68, 'Tps.Content.Edit', 'Edit Tps Content', 'active'),
(69, 'Tps.Content.Delete', 'Delete Tps Content', 'active'),
(70, 'Tps.Reports.View', 'View Tps Reports', 'active'),
(71, 'Tps.Reports.Create', 'Create Tps Reports', 'active'),
(72, 'Tps.Reports.Edit', 'Edit Tps Reports', 'active'),
(73, 'Tps.Reports.Delete', 'Delete Tps Reports', 'active'),
(74, 'Tps.Settings.View', 'View Tps Settings', 'active'),
(75, 'Tps.Settings.Create', 'Create Tps Settings', 'active'),
(76, 'Tps.Settings.Edit', 'Edit Tps Settings', 'active'),
(77, 'Tps.Settings.Delete', 'Delete Tps Settings', 'active'),
(78, 'Tps.Developer.View', 'View Tps Developer', 'active'),
(79, 'Tps.Developer.Create', 'Create Tps Developer', 'active'),
(80, 'Tps.Developer.Edit', 'Edit Tps Developer', 'active'),
(81, 'Tps.Developer.Delete', 'Delete Tps Developer', 'active'),
(130, 'Permissions.Pengangkut Sampah.Manage', 'To manage the access control permissions for the Pengangkut Sampah role.', 'active'),
(131, 'Pengangkutan_sampah.Content.View', 'View Pengangkutan_sampah Content', 'active'),
(132, 'Pengangkutan_sampah.Content.Create', 'Create Pengangkutan_sampah Content', 'active'),
(133, 'Pengangkutan_sampah.Content.Edit', 'Edit Pengangkutan_sampah Content', 'active'),
(134, 'Pengangkutan_sampah.Content.Delete', 'Delete Pengangkutan_sampah Content', 'active'),
(135, 'Pengangkutan_sampah.Reports.View', 'View Pengangkutan_sampah Reports', 'active'),
(136, 'Pengangkutan_sampah.Reports.Create', 'Create Pengangkutan_sampah Reports', 'active'),
(137, 'Pengangkutan_sampah.Reports.Edit', 'Edit Pengangkutan_sampah Reports', 'active'),
(138, 'Pengangkutan_sampah.Reports.Delete', 'Delete Pengangkutan_sampah Reports', 'active'),
(139, 'Pengangkutan_sampah.Settings.View', 'View Pengangkutan_sampah Settings', 'active'),
(140, 'Pengangkutan_sampah.Settings.Create', 'Create Pengangkutan_sampah Settings', 'active'),
(141, 'Pengangkutan_sampah.Settings.Edit', 'Edit Pengangkutan_sampah Settings', 'active'),
(142, 'Pengangkutan_sampah.Settings.Delete', 'Delete Pengangkutan_sampah Settings', 'active'),
(143, 'Pengangkutan_sampah.Developer.View', 'View Pengangkutan_sampah Developer', 'active'),
(144, 'Pengangkutan_sampah.Developer.Create', 'Create Pengangkutan_sampah Developer', 'active'),
(145, 'Pengangkutan_sampah.Developer.Edit', 'Edit Pengangkutan_sampah Developer', 'active'),
(146, 'Pengangkutan_sampah.Developer.Delete', 'Delete Pengangkutan_sampah Developer', 'active'),
(147, 'Laporan_masyarakat.Content.View', 'View Laporan_masyarakat Content', 'active'),
(148, 'Laporan_masyarakat.Content.Create', 'Create Laporan_masyarakat Content', 'active'),
(149, 'Laporan_masyarakat.Content.Edit', 'Edit Laporan_masyarakat Content', 'active'),
(150, 'Laporan_masyarakat.Content.Delete', 'Delete Laporan_masyarakat Content', 'active'),
(151, 'Laporan_masyarakat.Reports.View', 'View Laporan_masyarakat Reports', 'active'),
(152, 'Laporan_masyarakat.Reports.Create', 'Create Laporan_masyarakat Reports', 'active'),
(153, 'Laporan_masyarakat.Reports.Edit', 'Edit Laporan_masyarakat Reports', 'active'),
(154, 'Laporan_masyarakat.Reports.Delete', 'Delete Laporan_masyarakat Reports', 'active'),
(155, 'Laporan_masyarakat.Settings.View', 'View Laporan_masyarakat Settings', 'active'),
(156, 'Laporan_masyarakat.Settings.Create', 'Create Laporan_masyarakat Settings', 'active'),
(157, 'Laporan_masyarakat.Settings.Edit', 'Edit Laporan_masyarakat Settings', 'active'),
(158, 'Laporan_masyarakat.Settings.Delete', 'Delete Laporan_masyarakat Settings', 'active'),
(159, 'Laporan_masyarakat.Developer.View', 'View Laporan_masyarakat Developer', 'active'),
(160, 'Laporan_masyarakat.Developer.Create', 'Create Laporan_masyarakat Developer', 'active'),
(161, 'Laporan_masyarakat.Developer.Edit', 'Edit Laporan_masyarakat Developer', 'active'),
(162, 'Laporan_masyarakat.Developer.Delete', 'Delete Laporan_masyarakat Developer', 'active'),
(163, 'Permissions.Masyarakat.Manage', 'To manage the access control permissions for the Masyarakat role.', 'active'),
(164, 'Profil.Content.View', 'View Profil Content', 'active'),
(165, 'Profil.Content.Create', 'Create Profil Content', 'active'),
(166, 'Profil.Content.Edit', 'Edit Profil Content', 'active'),
(167, 'Profil.Content.Delete', 'Delete Profil Content', 'active'),
(168, 'Profil.Reports.View', 'View Profil Reports', 'active'),
(169, 'Profil.Reports.Create', 'Create Profil Reports', 'active'),
(170, 'Profil.Reports.Edit', 'Edit Profil Reports', 'active'),
(171, 'Profil.Reports.Delete', 'Delete Profil Reports', 'active'),
(172, 'Profil.Settings.View', 'View Profil Settings', 'active'),
(173, 'Profil.Settings.Create', 'Create Profil Settings', 'active'),
(174, 'Profil.Settings.Edit', 'Edit Profil Settings', 'active'),
(175, 'Profil.Settings.Delete', 'Delete Profil Settings', 'active'),
(176, 'Profil.Developer.View', 'View Profil Developer', 'active'),
(177, 'Profil.Developer.Create', 'Create Profil Developer', 'active'),
(178, 'Profil.Developer.Edit', 'Edit Profil Developer', 'active'),
(179, 'Profil.Developer.Delete', 'Delete Profil Developer', 'active');

-- --------------------------------------------------------

--
-- Struktur dari tabel `bf_profil`
--

CREATE TABLE IF NOT EXISTS `bf_profil` (
  `id_profil` int(11) NOT NULL,
  `judul_profil` varchar(30) NOT NULL,
  `tgl_terbit_profil` datetime NOT NULL DEFAULT '0000-00-00 00:00:00',
  `isi_profil` text
) ENGINE=InnoDB AUTO_INCREMENT=4 DEFAULT CHARSET=utf8;

--
-- Dumping data untuk tabel `bf_profil`
--

INSERT INTO `bf_profil` (`id_profil`, `judul_profil`, `tgl_terbit_profil`, `isi_profil`) VALUES
(1, 'Visi dan Misi', '2017-11-12 13:15:41', 'Lorem ipsum dolor sit amet, consectetuer adipiscing elit. Nulla blandit justo a metus. Donec diam eros, tristique sit amet, pretium vel, pellentesque ut, neque. Class aptent taciti sociosqu ad litora torquent per conubia nostra, per inceptos hymenaeos. In hac habitasse platea dictumst. Aenean scelerisque metus eget sem. In hac habitasse platea dictumst. Phasellus magna sem, vulputate eget, ornare sed, dignissim sit amet, pede. Suspendisse viverra placerat tortor. Praesent aliquet, neque pretium congue mattis, ipsum augue dignissim ante, ac pretium nisl lectus at magna. Cras facilisis felis sit amet lorem.\r\n\r\nMauris tempor ultrices justo. Aenean turpis ipsum, rhoncus vitae, posuere vitae, euismod sed, ligula. Donec tempus quam quis neque. Aliquam velit dui, commodo quis, porttitor eget, convallis et, nisi. Integer risus velit, facilisis eget, viverra et, venenatis id, leo. Proin dolor sapien, adipiscing id, sagittis eu, molestie viverra, mauris. Curabitur risus urna, placerat et, luctus pulvinar, auctor vel, orci. Nam consectetuer mollis dolor.\r\n\r\nEtiam non neque ac mi vestibulum placerat. Nam sed nisl nec elit suscipit ullamcorper. Etiam non neque ac mi vestibulum placerat. Sed non ipsum. Pellentesque suscipit accumsan massa. Aenean luctus vulputate turpis. Nunc metus. Donec ut urna. Phasellus auctor enim eget sem. Vivamus feugiat. Aenean luctus vulputate turpis. Quisque aliquam, nulla ac scelerisque convallis, nisi ligula sagittis risus, at nonummy arcu urna pulvinar nibh. Pellentesque convallis dolor vel libero. Vivamus posuere, ante eu tempor dictum, felis nibh facilisis sem, eu auctor metus nulla non lorem. Sed at turpis vitae velit euismod aliquet. Nullam sapien mauris, venenatis at, fermentum at, tempus eu, urna. Integer tempus malesuada pede. Aenean ligula. Vestibulum viverra varius enim. Donec at diam a tellus dignissim vestibulum. Phasellus hendrerit. Etiam non neque ac mi vestibulum placerat. Sed non ipsum. Lorem ipsum dolor sit amet, consectetuer adipiscing elit.'),
(2, 'Struktur Organisasi', '2017-11-12 14:37:55', 'Lorem ipsum dolor sit amet, consectetuer adipiscing elit. Nulla blandit justo a metus. Donec diam eros, tristique sit amet, pretium vel, pellentesque ut, neque. Class aptent taciti sociosqu ad litora torquent per conubia nostra, per inceptos hymenaeos. In hac habitasse platea dictumst. Aenean scelerisque metus eget sem. In hac habitasse platea dictumst. Phasellus magna sem, vulputate eget, ornare sed, dignissim sit amet, pede. Suspendisse viverra placerat tortor. Praesent aliquet, neque pretium congue mattis, ipsum augue dignissim ante, ac pretium nisl lectus at magna. Cras facilisis felis sit amet lorem.\r\n\r\nMauris tempor ultrices justo. Aenean turpis ipsum, rhoncus vitae, posuere vitae, euismod sed, ligula. Donec tempus quam quis neque. Aliquam velit dui, commodo quis, porttitor eget, convallis et, nisi. Integer risus velit, facilisis eget, viverra et, venenatis id, leo. Proin dolor sapien, adipiscing id, sagittis eu, molestie viverra, mauris. Curabitur risus urna, placerat et, luctus pulvinar, auctor vel, orci. Nam consectetuer mollis dolor.\r\n\r\nEtiam non neque ac mi vestibulum placerat. Nam sed nisl nec elit suscipit ullamcorper. Etiam non neque ac mi vestibulum placerat. Sed non ipsum. Pellentesque suscipit accumsan massa. Aenean luctus vulputate turpis. Nunc metus. Donec ut urna. Phasellus auctor enim eget sem. Vivamus feugiat. Aenean luctus vulputate turpis. Quisque aliquam, nulla ac scelerisque convallis, nisi ligula sagittis risus, at nonummy arcu urna pulvinar nibh. Pellentesque convallis dolor vel libero. Vivamus posuere, ante eu tempor dictum, felis nibh facilisis sem, eu auctor metus nulla non lorem. Sed at turpis vitae velit euismod aliquet. Nullam sapien mauris, venenatis at, fermentum at, tempus eu, urna. Integer tempus malesuada pede. Aenean ligula. Vestibulum viverra varius enim. Donec at diam a tellus dignissim vestibulum. Phasellus hendrerit. Etiam non neque ac mi vestibulum placerat. Sed non ipsum. Lorem ipsum dolor sit amet, consectetuer adipiscing elit.'),
(3, 'Informasi Kontak', '2017-11-12 14:55:15', 'Halo!');

-- --------------------------------------------------------

--
-- Struktur dari tabel `bf_roles`
--

CREATE TABLE IF NOT EXISTS `bf_roles` (
  `role_id` int(11) NOT NULL,
  `role_name` varchar(60) NOT NULL,
  `description` varchar(255) DEFAULT NULL,
  `default` tinyint(1) NOT NULL DEFAULT '0',
  `can_delete` tinyint(1) NOT NULL DEFAULT '1',
  `login_destination` varchar(255) NOT NULL DEFAULT '/',
  `default_context` varchar(255) DEFAULT 'content',
  `deleted` int(1) NOT NULL DEFAULT '0'
) ENGINE=InnoDB AUTO_INCREMENT=9 DEFAULT CHARSET=utf8;

--
-- Dumping data untuk tabel `bf_roles`
--

INSERT INTO `bf_roles` (`role_id`, `role_name`, `description`, `default`, `can_delete`, `login_destination`, `default_context`, `deleted`) VALUES
(1, 'Administrator', 'Has full control over every aspect of the site.', 0, 0, '', 'content', 0),
(2, 'Editor', 'Can handle day-to-day management, but does not have full power.', 0, 1, '', 'content', 0),
(4, 'User', 'This is the default user with access to login.', 0, 0, '', 'content', 0),
(6, 'Developer', 'Developers typically are the only ones that can access the developer tools. Otherwise identical to Administrators, at least until the site is handed off.', 0, 1, '', 'content', 0),
(7, 'Pengangkut Sampah', 'Pengangkut Sampah', 1, 1, '', 'content', 0),
(8, 'Masyarakat', 'Pemberi laporan masyarakat', 0, 0, '', 'content', 0);

-- --------------------------------------------------------

--
-- Struktur dari tabel `bf_role_permissions`
--

CREATE TABLE IF NOT EXISTS `bf_role_permissions` (
  `role_id` int(11) NOT NULL,
  `permission_id` int(11) NOT NULL
) ENGINE=InnoDB DEFAULT CHARSET=utf8;

--
-- Dumping data untuk tabel `bf_role_permissions`
--

INSERT INTO `bf_role_permissions` (`role_id`, `permission_id`) VALUES
(1, 2),
(1, 3),
(1, 4),
(1, 5),
(1, 6),
(1, 7),
(1, 8),
(1, 9),
(1, 10),
(1, 11),
(1, 12),
(1, 13),
(1, 14),
(1, 15),
(1, 16),
(1, 17),
(1, 18),
(1, 19),
(1, 20),
(1, 21),
(1, 23),
(1, 24),
(1, 26),
(1, 27),
(1, 28),
(1, 29),
(1, 30),
(1, 31),
(1, 32),
(1, 33),
(1, 34),
(1, 35),
(1, 36),
(1, 37),
(1, 38),
(1, 39),
(1, 40),
(1, 41),
(1, 42),
(1, 43),
(1, 44),
(1, 45),
(1, 48),
(1, 49),
(1, 50),
(1, 51),
(1, 52),
(1, 53),
(1, 54),
(1, 55),
(1, 56),
(1, 57),
(1, 58),
(1, 59),
(1, 60),
(1, 61),
(1, 62),
(1, 63),
(1, 64),
(1, 65),
(1, 66),
(1, 67),
(1, 68),
(1, 69),
(1, 70),
(1, 71),
(1, 72),
(1, 73),
(1, 74),
(1, 75),
(1, 76),
(1, 77),
(1, 78),
(1, 79),
(1, 80),
(1, 81),
(1, 130),
(1, 131),
(1, 133),
(1, 134),
(1, 135),
(1, 137),
(1, 138),
(1, 139),
(1, 140),
(1, 141),
(1, 142),
(1, 143),
(1, 144),
(1, 145),
(1, 146),
(1, 147),
(1, 148),
(1, 149),
(1, 150),
(1, 151),
(1, 152),
(1, 153),
(1, 154),
(1, 155),
(1, 156),
(1, 157),
(1, 158),
(1, 159),
(1, 160),
(1, 161),
(1, 162),
(1, 163),
(1, 164),
(1, 165),
(1, 166),
(1, 167),
(1, 168),
(1, 169),
(1, 170),
(1, 171),
(1, 172),
(1, 173),
(1, 174),
(1, 175),
(1, 176),
(1, 177),
(1, 178),
(1, 179),
(2, 2),
(2, 3),
(2, 66),
(2, 67),
(2, 68),
(2, 69),
(4, 2),
(4, 50),
(4, 51),
(4, 52),
(4, 53),
(4, 66),
(4, 67),
(4, 68),
(4, 69),
(6, 2),
(6, 3),
(6, 4),
(6, 5),
(6, 6),
(6, 7),
(6, 8),
(6, 9),
(6, 10),
(6, 11),
(6, 12),
(6, 13),
(6, 48),
(7, 2),
(7, 3),
(7, 131),
(7, 132),
(7, 133),
(7, 135),
(7, 136),
(8, 147),
(8, 148),
(8, 149),
(8, 150),
(8, 151);

-- --------------------------------------------------------

--
-- Struktur dari tabel `bf_rute`
--

CREATE TABLE IF NOT EXISTS `bf_rute` (
  `id` int(11) NOT NULL,
  `nama` varchar(50) DEFAULT NULL,
  `armada` varchar(30) NOT NULL,
  `html` text,
  `geom` text
) ENGINE=InnoDB AUTO_INCREMENT=24 DEFAULT CHARSET=utf8;

--
-- Dumping data untuk tabel `bf_rute`
--

INSERT INTO `bf_rute` (`id`, `nama`, `armada`, `html`, `geom`) VALUES
(2, 'Cut Nyak Dien', 'L-300', '', '[[101.44728385483901,0.518614509749332],[101.44664347171783,0.5192953775997181],[101.4450877904892,0.5199712664737596],[101.44517243453565,0.518629248927146]]'),
(3, 'Tuanku Tambusai', 'L-300', '', '[[101.44905637508236,0.510386218198106],[101.44397735595703,0.49120301295020713],[101.4427026707315,0.508131161408746],[101.43949899142113,0.507057404185835],[101.42852783203125,0.5160929507633365],[101.43323471189542,0.505052875316111],[101.43087220545426,0.504265444503952],[101.43264770507812,0.49120301295020713],[101.423999481963,0.501974625607504],[101.4198650715288,0.500847041890565],[101.4173698425293,0.5127456888292616],[101.41929232249605,0.500703922491607]]'),
(4, 'Riau', 'Dump Truck', '', '[ [ 101.44292636173232, 0.535239845265082 ], [ 101.44155269225757, 0.535356162764116 ], [ 101.44020140909966, 0.535356162345074 ], [ 101.43721243972125, 0.53531587886374 ], [ 101.43271118526573, 0.535208509096281 ], [ 101.43001303863261, 0.535199555054409 ], [ 101.42765952242185, 0.535143649217596 ], [ 101.42577573548853, 0.535152623808165 ], [ 101.42176033337385, 0.535148257287838 ], [ 101.42017172700736, 0.535135152049552 ], [ 101.41834278386428, 0.53512006321112 ], [ 101.41452975715949, 0.535042408638698 ], [ 101.41299044451952, 0.53500704980427 ], [ 101.41097093390825, 0.535049421494884 ], [ 101.40702380460739, 0.535176512475895 ], [ 101.4036406714136, 0.535401344992347 ]] '),
(5, 'Hang Tuah', 'Dump Truck', '', '[ [ 101.47939459922648, 0.524052824658752 ], [ 101.47932157300026, 0.524174491010162 ], [ 101.47853408093675, 0.524263999664779 ], [ 101.47758548117659, 0.52415656696108 ], [ 101.47627896947223, 0.524192421974956 ], [ 101.4753303995911, 0.524353477033203 ], [ 101.47451420086718, 0.524499206973636 ], [ 101.47429948308577, 0.524471458594788 ], [ 101.47382839580929, 0.524118209893941 ], [ 101.47348691440456, 0.523870280591986 ], [ 101.4730215962396, 0.523691262175881 ], [ 101.47256068272991, 0.52360559393709 ], [ 101.47209660007789, 0.523557159267184 ], [ 101.4717848411953, 0.523584845903958 ], [ 101.47141078922557, 0.523730309332775 ], [ 101.47112440499951, 0.524085034872245 ], [ 101.47067691739903, 0.524442987557506 ], [ 101.47020536673996, 0.524609998123667 ], [ 101.46979665139015, 0.524720863969604 ], [ 101.46906930783864, 0.524713923552476 ], [ 101.46505706470855, 0.524863543980277 ], [ 101.46346414944448, 0.524863543575302 ], [ 101.46201669380905, 0.524995878018949 ], [ 101.46131919384668, 0.525016397643137 ], [ 101.46032510099192, 0.525042728133576 ], [ 101.45919936832036, 0.525069020291951 ], [ 101.45841597763632, 0.52507565659218 ], [ 101.45682283479366, 0.5250822519029 ], [ 101.45447266731732, 0.525128276937032 ], [ 101.45371564419561, 0.525167797377706 ], [ 101.45365636799283, 0.525240208124811 ], [ 101.4532745512587, 0.525233581262035 ], [ 101.4529585594278, 0.525240212919309 ], [ 101.45280711863585, 0.525345555270963 ], [ 101.45264915990532, 0.52544430311977 ], [ 101.45247800696869, 0.525503563968654 ], [ 101.45235944882785, 0.525444236933714 ], [ 101.45225412813039, 0.525345502779869 ], [ 101.45214882026364, 0.525279663747679 ], [ 101.45156947452351, 0.525286309061669 ], [ 101.45059520623516, 0.525286242106973 ], [ 101.44940364139229, 0.525302708396565 ], [ 101.44742867953779, 0.52532906297724 ]] '),
(6, 'Imam Munandar', 'Dump Truck', '', '[ [ 101.45424673321409, 0.49933644419088 ], [ 101.45460473102503, 0.499604892511391 ], [ 101.45492690213194, 0.499694329024245 ], [ 101.46106585597015, 0.499461660511147 ], [ 101.46484223186198, 0.499354320921331 ], [ 101.46534338223579, 0.499336419034093 ], [ 101.46579082221717, 0.499229070765979 ], [ 101.46613089500113, 0.499085886072945 ], [ 101.46636358668728, 0.49906799523619 ], [ 101.46657834070147, 0.499193257723711 ], [ 101.46716897208535, 0.499891235147845 ], [ 101.46804597942976, 0.500195450756438 ], [ 101.47246673651475, 0.500839738649758 ], [ 101.47346902454383, 0.500982955381132 ], [ 101.47431022180145, 0.500965013367882 ], [ 101.47493661165898, 0.500875580170701 ], [ 101.47570622154156, 0.500678733344417 ], [ 101.47703064027685, 0.500034436573963 ], [ 101.47756758628756, 0.499730138962581 ], [ 101.48154089924522, 0.498566840883045 ], [ 101.48247163480114, 0.498244682726348 ], [ 101.4825794054177, 0.498175419015592 ], [ 101.48265739332518, 0.498052216206821 ], [ 101.48263686163996, 0.497395239943384 ], [ 101.48265738532402, 0.497239164567741 ], [ 101.48274778373708, 0.497042035124561 ], [ 101.48385243757399, 0.494557731312639 ], [ 101.4840659366938, 0.494303171452775 ], [ 101.4842055410143, 0.494229196937163 ], [ 101.48454636587854, 0.494130656613495 ], [ 101.48474759859887, 0.494138894755067 ], [ 101.48492005420414, 0.494208685046681 ], [ 101.48529945008745, 0.494504229477365 ], [ 101.48555659140169, 0.49474252590968 ], [ 101.4862301335524, 0.494844207896328 ], [ 101.49133102394418, 0.495381148185402 ], [ 101.49369350302294, 0.495595872162739 ], [ 101.49464212543735, 0.495613857128656 ], [ 101.49509973996285, 0.495421198943798 ], [ 101.49588167675458, 0.494960385535819 ], [ 101.49646769706106, 0.494647398879583 ], [ 101.49677232395912, 0.49457200671422 ], [ 101.49729095557117, 0.494611572179038 ], [ 101.49771471593843, 0.49476359152474 ], [ 101.49825840598733, 0.495291767717743 ], [ 101.49863330609834, 0.495649573372098 ], [ 101.49875553186939, 0.49583026308873 ], [ 101.49893673083473, 0.495923454047014 ], [ 101.49970309752074, 0.496001150169143 ], [ 101.50138084080889, 0.49609431353198 ], [ 101.50225587970402, 0.496146122519141 ], [ 101.50307401241426, 0.49627033760262 ], [ 101.50374198639103, 0.496549951835849 ], [ 101.50581033044598, 0.498012033055159 ], [ 101.50828027516182, 0.499962842334587 ], [ 101.50989101911641, 0.501448312697826 ]] '),
(7, 'Arifin Ahmad', 'Dump Truck', '', '[ [ 101.45309678478313, 0.478139945581417 ], [ 101.45308582796899, 0.478142028062969 ], [ 101.45159584998846, 0.47842958347922 ], [ 101.4471719641012, 0.479311664956687 ], [ 101.44372231544457, 0.479943610866225 ], [ 101.44094424911702, 0.480549289435892 ], [ 101.438047617913, 0.481089040326184 ], [ 101.43725766191974, 0.481184486614615 ], [ 101.43659931898735, 0.481204243918141 ], [ 101.4361583154146, 0.481118729560465 ], [ 101.43571061551761, 0.480940947305427 ], [ 101.43492720545785, 0.480499849798639 ], [ 101.43367638857443, 0.479637512121255 ], [ 101.43272187092768, 0.478975965005473 ], [ 101.43208986700053, 0.478528304118486 ], [ 101.4313788706273, 0.478100372171848 ], [ 101.4307534837718, 0.477731784082717 ], [ 101.42946980624131, 0.477119513638425 ], [ 101.4279687985031, 0.476434930224749 ], [ 101.42574370076734, 0.475361906812565 ], [ 101.42575028563196, 0.475348710014209 ] ], [ [ 101.45397890106986, 0.479482814613637 ], [ 101.45366293807736, 0.478732396011866 ], [ 101.45317581554916, 0.478232095777508 ], [ 101.45308582796899, 0.478142028062969 ], [ 101.45308360607328, 0.478139859953311 ] ], [ [ 101.45305732275487, 0.478139869412797 ], [ 101.45337331805932, 0.477731729697802 ], [ 101.4537946394781, 0.476823347859622 ], [ 101.45386040282706, 0.476665355444142 ] ], [ [ 101.42573051422129, 0.475340131567638 ], [ 101.42523052659558, 0.475121967021499 ], [ 101.42466693930265, 0.474903824747995 ], [ 101.42413970818245, 0.474694706726306 ], [ 101.42357606235792, 0.474522021755995 ], [ 101.42309426755997, 0.474458388240847 ], [ 101.42246697614077, 0.474367513219187 ], [ 101.42175789954082, 0.474358364379346 ], [ 101.41842162048556, 0.474376620195397 ]] '),
(8, 'A.Yani', 'Dump Truck', '', '[ [ 101.44517243453565, 0.518629248927146 ], [ 101.4450718910328, 0.518631005113214 ], [ 101.44470325618272, 0.518637564936706 ], [ 101.44457154429929, 0.518644122946991 ], [ 101.44443335747177, 0.518756056994122 ], [ 101.44363673726083, 0.520000245110084 ], [ 101.4428862895317, 0.521171938298855 ], [ 101.44233990850142, 0.522001404662055 ], [ 101.44217528187549, 0.522284514016995 ], [ 101.44207658552899, 0.52246882106922 ], [ 101.44203049224758, 0.522745286947751 ], [ 101.44203044065988, 0.523186302144137 ], [ 101.44208312747396, 0.52425935812515 ], [ 101.44214238145426, 0.525082171491514 ], [ 101.44230695696707, 0.527333542945399 ] ], [ [ 101.44230888472123, 0.527340591195088 ], [ 101.44240729088331, 0.5288796767401 ], [ 101.44256840554679, 0.530785737505166 ], [ 101.44267577812478, 0.531957999292282 ], [ 101.44282792087394, 0.533819238404492 ], [ 101.44292636262675, 0.535242104562191 ], [ 101.44306955618408, 0.536369617166945 ], [ 101.44311700143687, 0.536708492660473 ]] '),
(9, 'Hang Tuah Ujung', 'Dump Truck', '', '[ [ 101.5832662396883, 0.455181799995752 ], [ 101.58151328452321, 0.456839314758881 ], [ 101.58039999865359, 0.457604182987998 ], [ 101.57913580801646, 0.45869694204108 ], [ 101.5782609869219, 0.459297447271862 ], [ 101.5770547012421, 0.459812319695241 ], [ 101.5756435422506, 0.460449076332028 ], [ 101.57416926732976, 0.460767057182896 ], [ 101.57268884099541, 0.460864645610426 ], [ 101.57194387695486, 0.460672985723242 ], [ 101.57137349913295, 0.460130834436832 ], [ 101.57091422415543, 0.459333728255315 ], [ 101.57083726854837, 0.458398860287247 ], [ 101.57069262095823, 0.458006737022077 ], [ 101.57041425996651, 0.457782466123525 ], [ 101.5700132302573, 0.457558329745176 ], [ 101.56948651965224, 0.457399480698076 ], [ 101.56906318026273, 0.457309631666183 ], [ 101.56840577549634, 0.457275711357774 ], [ 101.56779301890937, 0.457264184951096 ], [ 101.56715790077926, 0.457241551851035 ], [ 101.56671230365211, 0.457017249858475 ], [ 101.56637524236433, 0.457020353170906 ], [ 101.56597572573864, 0.457098932359947 ], [ 101.56573284306748, 0.457342910561429 ], [ 101.5656309027819, 0.457760155066318 ], [ 101.56567192845556, 0.458419521958062 ], [ 101.56571389393018, 0.45901454973289 ], [ 101.56555871855363, 0.459411120413087 ], [ 101.56514588768947, 0.459729529716846 ], [ 101.56452576747313, 0.460040875539273 ], [ 101.56360984927188, 0.460436999376954 ], [ 101.56296233013231, 0.460729560088315 ], [ 101.56247124141407, 0.461030468147534 ], [ 101.56209704251812, 0.461316875825399 ], [ 101.56186524395399, 0.461710764736275 ], [ 101.56175814608238, 0.462194339608599 ], [ 101.56169768262065, 0.462662897229002 ], [ 101.56159527265702, 0.463006135737382 ], [ 101.56141982609881, 0.463232741370456 ], [ 101.56113182038843, 0.46337110271234 ], [ 101.56078117055988, 0.463471534151785 ], [ 101.56045559014241, 0.463496593120024 ], [ 101.56007907684234, 0.463523658636316 ], [ 101.55971817744046, 0.463532374608771 ], [ 101.55936608448027, 0.46353223170525 ], [ 101.55908446606693, 0.463523207472698 ], [ 101.55879390570158, 0.463558464780668 ], [ 101.55859152615785, 0.463620256981592 ], [ 101.55843305993901, 0.463717546225525 ], [ 101.55824812225724, 0.463903311405376 ], [ 101.55835223557564, 0.464179335238373 ], [ 101.55844019041162, 0.46440060439002 ], [ 101.55846648986973, 0.464657228286798 ], [ 101.55836948177671, 0.464993507784908 ], [ 101.55818237311723, 0.465317530752601 ], [ 101.55795335114573, 0.465609489931262 ], [ 101.5578036072863, 0.465874943579349 ], [ 101.55776847856413, 0.466180386584311 ], [ 101.55776830463122, 0.466518709286189 ], [ 101.557758228545, 0.466906735790564 ], [ 101.5576886637358, 0.467384425165532 ], [ 101.557519469345, 0.467907965707246 ], [ 101.55732125615555, 0.468435312337985 ], [ 101.55709341601973, 0.468922729140901 ], [ 101.55681609404537, 0.469330643997162 ], [ 101.55647634906136, 0.469698821843843 ], [ 101.55622893611405, 0.469903858695059 ], [ 101.55591968642041, 0.470052983050115 ], [ 101.5556104230445, 0.470164696729313 ], [ 101.55550986509576, 0.47030488854323 ], [ 101.55546030074309, 0.470609433891388 ], [ 101.55542308620383, 0.47087683504975 ], [ 101.55532405069911, 0.471131608085399 ], [ 101.55506420717654, 0.471355355329334 ], [ 101.55377716432236, 0.47195901212507 ], [ 101.55269892125622, 0.471837147923633 ], [ 101.55184842522098, 0.471786406348864 ], [ 101.55085100703768, 0.47080586875296 ], [ 101.54936464252037, 0.470939704068486 ], [ 101.54881793415321, 0.470988973434372 ], [ 101.54816960370194, 0.471104698233326 ], [ 101.5472701950011, 0.471327597737115 ], [ 101.54546938752117, 0.471802947362162 ], [ 101.5438985425764, 0.472538825540247 ], [ 101.54254597306519, 0.472543029304422 ], [ 101.54142158774354, 0.472799086641727 ], [ 101.5405977714056, 0.473049611490914 ], [ 101.53989890324056, 0.473250028143531 ], [ 101.53818210275365, 0.473699505788654 ], [ 101.53764561678923, 0.473778592674423 ], [ 101.53709333271469, 0.473778254215912 ], [ 101.53669600189342, 0.473378985519373 ], [ 101.53631753308878, 0.472934617241513 ], [ 101.53590745812093, 0.47250607426316 ], [ 101.53533702155178, 0.472059245681339 ], [ 101.53500370230886, 0.471789897992263 ], [ 101.53459301555402, 0.471511722693293 ], [ 101.53418427603056, 0.471295537291223 ], [ 101.53392793893175, 0.471197855617347 ], [ 101.53329456002885, 0.470916779290982 ], [ 101.53266179468285, 0.47069525341683 ], [ 101.5321942940089, 0.470538368733993 ], [ 101.53194499666726, 0.470459841655008 ], [ 101.5311027771743, 0.470198811467559 ], [ 101.53075656098872, 0.470094113502938 ], [ 101.53055582223833, 0.469996501276678 ], [ 101.52998603634126, 0.469508914015226 ], [ 101.52962494285585, 0.469208127056212 ], [ 101.52931364668433, 0.468832227674753 ], [ 101.52910200365632, 0.468468852738552 ], [ 101.5289849629828, 0.468278313434105 ], [ 101.52871049121609, 0.467778779552183 ], [ 101.52836734983708, 0.467578291520056 ], [ 101.52792448965619, 0.467388773811104 ], [ 101.52749451215118, 0.467202052624265 ], [ 101.5272786305773, 0.466992842955057 ], [ 101.52711325773775, 0.466834219949744 ], [ 101.52679299486421, 0.466433110239081 ], [ 101.52652750790175, 0.466007400929212 ], [ 101.526193127837, 0.465670817349981 ], [ 101.52583893506323, 0.465413401519706 ], [ 101.52526557827602, 0.465084494466513 ], [ 101.52484254494347, 0.464856652806347 ], [ 101.52431113725153, 0.4646584901262 ], [ 101.52401103739039, 0.464538410913852 ], [ 101.5234854091682, 0.464563270029782 ], [ 101.52284609155733, 0.464661909010147 ], [ 101.52225585780805, 0.46476053037367 ], [ 101.52164604381926, 0.464760207506825 ], [ 101.52093224143655, 0.464841703698136 ], [ 101.52044064865592, 0.464813776445043 ], [ 101.51975901934917, 0.464808237990697 ], [ 101.51890975564889, 0.464741129610793 ], [ 101.51869309835676, 0.464851906646362 ], [ 101.51849277442587, 0.465092354081824 ], [ 101.51837944175411, 0.465337469373789 ], [ 101.51789077570285, 0.466257307587345 ], [ 101.51687652508033, 0.467123748586606 ], [ 101.51633428998011, 0.467507641905476 ], [ 101.51538997522647, 0.467887523846946 ], [ 101.51520926052673, 0.468101035834071 ], [ 101.51451530655659, 0.469250845040673 ], [ 101.51419496024216, 0.469661498374664 ], [ 101.51392808468901, 0.469916068638775 ], [ 101.5135584719184, 0.470232216222928 ], [ 101.51334908350387, 0.470589513208839 ], [ 101.51336546807424, 0.470860518115114 ], [ 101.51351742081549, 0.471164367363757 ], [ 101.51394449228934, 0.471903504845936 ], [ 101.51402254602287, 0.472170420629525 ], [ 101.51398142404557, 0.472696010254865 ], [ 101.51398148155376, 0.473061454502911 ], [ 101.51412927561607, 0.473328435108824 ], [ 101.51448241498083, 0.474141428365805 ], [ 101.51467136932547, 0.474605484052928 ], [ 101.51484381697031, 0.474872364923415 ], [ 101.51515587941435, 0.47510232480709 ], [ 101.51560763352454, 0.475303496631464 ], [ 101.51603057978254, 0.475685412634488 ], [ 101.51626872693608, 0.476038569262676 ], [ 101.5164247663413, 0.476787924265943 ], [ 101.5165603476927, 0.477061053333083 ], [ 101.51693812912606, 0.477430604820504 ], [ 101.51832194964487, 0.478592662341482 ], [ 101.51862175108377, 0.478900701920047 ], [ 101.51876139033483, 0.479134699975358 ], [ 101.51897903297467, 0.479898488918081 ], [ 101.51939481655532, 0.480935020887458 ], [ 101.5196811624636, 0.481695620710046 ], [ 101.52005698103982, 0.482160959107249 ], [ 101.52023596367914, 0.482679958071277 ], [ 101.5203433345567, 0.484344470461437 ], [ 101.5203791488188, 0.485096126265581 ], [ 101.52002118324927, 0.486062550669551 ], [ 101.51971694202565, 0.486563657595578 ], [ 101.51918003235939, 0.487118530148595 ], [ 101.51819561171217, 0.488335508089314 ], [ 101.51767655739293, 0.488926070034568 ], [ 101.51758711639575, 0.489301939235263 ], [ 101.51733655017313, 0.489803027442429 ], [ 101.51678173803221, 0.490196784883553 ], [ 101.51620896217617, 0.490662119981446 ], [ 101.51602997405359, 0.490930577431453 ], [ 101.5158867980262, 0.491342252895877 ], [ 101.51568996774236, 0.491610717268616 ], [ 101.51540354941511, 0.491861232712586 ], [ 101.5151708798888, 0.492111818207573 ], [ 101.51483086726697, 0.492577156482663 ], [ 101.51447287120774, 0.492863484815337 ], [ 101.51391807860222, 0.493114012444137 ], [ 101.5135779717935, 0.493328853929335 ], [ 101.51329164065069, 0.493615155396321 ], [ 101.51284417732073, 0.494993243334141 ], [ 101.51246834606418, 0.495888111729617 ], [ 101.51243250106792, 0.496639799244216 ], [ 101.51211034560454, 0.497534647787584 ], [ 101.51151973000896, 0.49898436410087 ], [ 101.51092913340182, 0.499897119547573 ], [ 101.51023113327823, 0.500863505002319 ], [ 101.50953310704928, 0.501955230920225 ], [ 101.50879316732126, 0.503020315786637 ], [ 101.50879928035607, 0.503324399667183 ], [ 101.50904778248199, 0.50459387450847 ], [ 101.50899555352437, 0.505468741308901 ], [ 101.5089603672599, 0.506187898551235 ], [ 101.50901404583009, 0.506581698624116 ], [ 101.50904981498674, 0.506993308025248 ], [ 101.50892452940606, 0.507136498849443 ], [ 101.50863821648872, 0.507082751661504 ], [ 101.50709342121847, 0.506349299260943 ], [ 101.50609177143585, 0.506071537980457 ], [ 101.50521446878298, 0.505713300574833 ], [ 101.50446804261657, 0.505311002676538 ], [ 101.50378787396092, 0.504899370651029 ], [ 101.50301828581307, 0.504720379451581 ], [ 101.50224866428435, 0.50464874495404 ], [ 101.50147906411254, 0.504827790804775 ], [ 101.50074528398873, 0.505167768200568 ], [ 101.49945661569987, 0.505910550637017 ], [ 101.49838276581151, 0.506572732862877 ], [ 101.49705830543371, 0.507234923036419 ], [ 101.49562646641054, 0.508022406503438 ], [ 101.49376514032309, 0.508988807355845 ], [ 101.49283442298341, 0.509525777882593 ], [ 101.49217217908502, 0.510116323232532 ], [ 101.4916531527757, 0.510599545696375 ], [ 101.49131313286732, 0.511243825768785 ], [ 101.49086571195308, 0.512335563241508 ], [ 101.49020346787604, 0.512926201062015 ], [ 101.48916541267253, 0.513695736196023 ], [ 101.48764408927667, 0.514948574036336 ], [ 101.4868386908081, 0.51543182198385 ], [ 101.48553212542228, 0.516255055052147 ], [ 101.48476255740826, 0.517114135050865 ], [ 101.48383185769069, 0.518089494249141 ], [ 101.48288324028327, 0.519252829658008 ], [ 101.48173779104611, 0.520684550920408 ], [ 101.48084293811425, 0.521883654624108 ], [ 101.48030598535394, 0.522724845098312 ], [ 101.47964371701123, 0.523637568326847 ], [ 101.47939459922648, 0.524052824658752 ]] '),
(10, 'Soekarno Hatta', 'Dump Truck', '', '[ [ 101.41816480135196, 0.463882710943534 ], [ 101.41812900826744, 0.456535892899169 ], [ 101.41818265275215, 0.452652160313115 ], [ 101.41834378220337, 0.449350126908992 ], [ 101.41836162516117, 0.447318794144705 ], [ 101.41852273178448, 0.446406058051583 ], [ 101.41922071822023, 0.444652128698584 ], [ 101.42169061407851, 0.440177832133356 ], [ 101.42328358423674, 0.437725936645334 ], [ 101.42441110737394, 0.436070384968385 ], [ 101.42514780191341, 0.434943554627289 ], [ 101.42605772371438, 0.433511118190667 ], [ 101.42666620690594, 0.432222473668045 ], [ 101.42727475354155, 0.430898042540431 ], [ 101.42808019076342, 0.430110635836802 ], [ 101.42937251852544, 0.429369164330868 ], [ 101.43009418656744, 0.428952495500967 ], [ 101.43050076982591, 0.428606870375191 ], [ 101.43210715635796, 0.426423766769677 ], [ 101.43328839739701, 0.425833167487066 ], [ 101.43751231855988, 0.423882312318951 ] ], [ [ 101.4182095277171, 0.463902216242021 ], [ 101.41833476834027, 0.468358584326896 ], [ 101.41840641031403, 0.474497364632767 ], [ 101.41854957537561, 0.481190921933514 ], [ 101.41862117991236, 0.48602317001612 ], [ 101.41887176840797, 0.49212609453127 ], [ 101.41903279914862, 0.497423641002885 ], [ 101.4191580933069, 0.500716715046796 ], [ 101.41915813453656, 0.500627245257616 ] ], [ [ 101.41921178845323, 0.500761429974298 ], [ 101.41928627976422, 0.502997061928706 ], [ 101.41932349494189, 0.505930119877491 ], [ 101.41952823365588, 0.512136080375735 ], [ 101.41978873589251, 0.517125952106809 ], [ 101.41997494807772, 0.522187336032875 ], [ 101.42002627746139, 0.526862334447629 ], [ 101.42008654773258, 0.530879229532269 ], [ 101.42021675058234, 0.535153660710468 ]] '),
(11, 'Subrantas', 'Dump Truck', '', '[ [ 101.41820953094013, 0.463911705466876 ], [ 101.41466572114898, 0.463947447247682 ], [ 101.40850890275971, 0.464019058731402 ], [ 101.40410604867978, 0.464036924985151 ], [ 101.39558669850564, 0.464108521144394 ], [ 101.39123748804788, 0.464144346165344 ], [ 101.384543770856, 0.464233835216256 ], [ 101.37922806858114, 0.464287514685851 ], [ 101.37299962109013, 0.464305438933665 ], [ 101.3671470748868, 0.464377005335146 ], [ 101.36558992644183, 0.463580585362242 ] ], [ [ 101.36558585328329, 0.463578056174825 ], [ 101.35314253450055, 0.457155008829712 ]] '),
(12, 'Air Hitam raya', 'Dump Truck', '', '[ [ 101.39379270376921, 0.510866100556392 ], [ 101.38474968567259, 0.502850171598049 ], [ 101.37354851521903, 0.500879104110588 ], [ 101.36936707606269, 0.500117667016207 ], [ 101.36273170311706, 0.49914481526209 ], [ 101.354513008255, 0.489676914887292 ]] '),
(13, 'DI Panjaitan', 'Dump Truck', '', '[ [ 101.43610281235738, 0.535306924253381 ], [ 101.43648310117784, 0.537799150679269 ], [ 101.43687243465166, 0.540309175338054 ], [ 101.43702450963019, 0.541418795327171 ], [ 101.43703111651534, 0.541462352098986 ]] '),
(14, 'Juanda', 'Dump Truck', '', '[ [ 101.44500610080584, 0.535967768348254 ], [ 101.44567754915485, 0.535947978032077 ], [ 101.44636218387942, 0.535947973751475 ], [ 101.44746158722474, 0.535961177463269 ] ], [ [ 101.44303113245844, 0.536002270877793 ], [ 101.44391068069733, 0.535922209455537 ], [ 101.44500247259063, 0.535966956461337 ]] '),
(15, 'SM. Amin', 'Dump Truck', '', '[ [ 101.39386850049132, 0.464072595510943 ], [ 101.39419374360143, 0.46883869100479 ], [ 101.39452651457609, 0.473916214329793 ], [ 101.39486471807217, 0.48029540625159 ], [ 101.39490227215055, 0.482249122604002 ], [ 101.39488078837074, 0.48411700346943 ], [ 101.3945265745395, 0.492060744146778 ], [ 101.39430112667857, 0.497446914600201 ] ], [ [ 101.39372642945904, 0.510645881053271 ], [ 101.39385062226022, 0.508108550855236 ], [ 101.39408328793361, 0.501916137351958 ], [ 101.39428012303217, 0.497513438401049 ]] '),
(16, 'Kaharudin Nasution', 'Dump Truck', '', '[ [ 101.43670691457329, 0.422394858099846 ], [ 101.43765545425072, 0.424184562212631 ], [ 101.43867564865734, 0.425687941659764 ], [ 101.43964215004702, 0.427137654787586 ], [ 101.44120890026085, 0.429130218583922 ], [ 101.44250041699057, 0.43077267500082 ], [ 101.44338281476529, 0.431987801618587 ], [ 101.44519046435883, 0.434368150526519 ], [ 101.44587059942222, 0.435370422337268 ], [ 101.44637172981462, 0.436426342109756 ], [ 101.44731574283185, 0.438591607974247 ], [ 101.44940441946638, 0.443595601944867 ], [ 101.45043591207818, 0.446076405009545 ], [ 101.45188519518861, 0.449648296651744 ], [ 101.45264390180346, 0.451557855740106 ], [ 101.45272065333461, 0.451924375457027 ], [ 101.45273772258075, 0.453586748817272 ], [ 101.45264392148169, 0.455572960329318 ], [ 101.45222427106673, 0.459692859973051 ], [ 101.45190213108596, 0.460766672886585 ], [ 101.45184841561182, 0.46130358746009 ] ], [ [ 101.45404273009468, 0.471333210938863 ], [ 101.45426467224824, 0.467236337097128 ], [ 101.45431832140713, 0.46544660814583 ], [ 101.45422886533451, 0.464963334607089 ], [ 101.45394252568796, 0.464426449390849 ], [ 101.45226010252549, 0.461849287110721 ], [ 101.45186633266432, 0.461303581241784 ]] '),
(17, 'Tambusai Ujung', 'Dump Truck', '', '[ [ 101.41917600440371, 0.500698995182057 ], [ 101.41412884656796, 0.500054696102892 ], [ 101.40947536887238, 0.499482000021521 ], [ 101.40385550939563, 0.498730258916727 ], [ 101.39428011292836, 0.497485422102092 ], [ 101.38474966929991, 0.502805074079839 ]] '),
(18, 'Lintas', 'Dump Truck', '', '[ [ 101.42394166514264, 0.602975527050239 ], [ 101.42486004526938, 0.60343222225521 ], [ 101.42611200352432, 0.603613038659283 ], [ 101.42698842734082, 0.603626923704307 ], [ 101.42743362048303, 0.603766078620132 ], [ 101.42831002522252, 0.604239057514615 ], [ 101.42918646660928, 0.60462853115608 ], [ 101.43016025809048, 0.60482329733924 ], [ 101.43109230260329, 0.605045826316818 ], [ 101.43144005806855, 0.605351851914229 ], [ 101.43167658729391, 0.605950011968751 ], [ 101.43163481753137, 0.606422950896419 ], [ 101.43124535700083, 0.607563630186021 ], [ 101.43089751955678, 0.608565207634626 ], [ 101.43059146012924, 0.609608518777978 ], [ 101.43038279193311, 0.610053608949715 ], [ 101.43007675975872, 0.610331825108616 ], [ 101.42942294082754, 0.610568357086915 ], [ 101.42883867053924, 0.610860436847726 ], [ 101.42846304721189, 0.611319521196686 ], [ 101.42792052304694, 0.612571432852822 ], [ 101.42762839739621, 0.61364257552856 ], [ 101.42728061060399, 0.615242245053687 ], [ 101.42690499087516, 0.616035168754815 ], [ 101.42665455371862, 0.616619454550245 ], [ 101.42661287065988, 0.617440150706882 ], [ 101.42661284321542, 0.618358249807225 ], [ 101.42654327388017, 0.618747789393446 ], [ 101.42602858427192, 0.619165097953724 ], [ 101.42558342135467, 0.619262454135529 ], [ 101.42463744874466, 0.619039849198325 ], [ 101.42405313095948, 0.619067682078687 ], [ 101.42275936898085, 0.619457153671661 ], [ 101.42234204617586, 0.61972150688318 ], [ 101.42195256447795, 0.620152676493259 ], [ 101.42106223655999, 0.621488172239902 ], [ 101.42038058000638, 0.622712233057247 ], [ 101.4202832075331, 0.623018282427215 ], [ 101.42032492028385, 0.623240852810773 ], [ 101.42046400986132, 0.623491213096548 ], [ 101.4208535193075, 0.62376947305279 ], [ 101.42166040067235, 0.624214639551523 ], [ 101.42195253964735, 0.62447893628988 ], [ 101.42218905075582, 0.624854508225989 ], [ 101.42250897683957, 0.625327463619478 ], [ 101.42302368584549, 0.625758666093557 ], [ 101.42427574244263, 0.626454227696982 ], [ 101.42492958712754, 0.626913289385627 ], [ 101.42554166912137, 0.627525281241066 ], [ 101.42588941891039, 0.628123478614789 ], [ 101.42624634347071, 0.629028035830005 ], [ 101.42671995497624, 0.630087979311726 ], [ 101.42693886667965, 0.630508924190042 ], [ 101.42751131982172, 0.631081348539657 ], [ 101.42822690206891, 0.631830564677644 ], [ 101.4286477743896, 0.632360855089988 ], [ 101.42878249806479, 0.632613474030419 ], [ 101.42879095514859, 0.632967008544919 ], [ 101.42865620261689, 0.633606731043858 ], [ 101.42857201134599, 0.63390979093417 ], [ 101.42860572792108, 0.634128658025226 ], [ 101.42879932225949, 0.634398058310011 ], [ 101.42919501722379, 0.634759995028945 ], [ 101.42970010129334, 0.635029428370549 ], [ 101.43039045023551, 0.635172523003314 ], [ 101.43080296265728, 0.635239835995281 ], [ 101.43125759629908, 0.635290410007872 ], [ 101.43152694921044, 0.635433432614756 ], [ 101.4318131645659, 0.635694473798879 ], [ 101.43202367177672, 0.636031192657949 ], [ 101.43214148499621, 0.63653622920575 ], [ 101.43214151948305, 0.637083435286366 ], [ 101.43200678324183, 0.637436946618527 ], [ 101.43167004751605, 0.638228228803712 ], [ 101.43157746442567, 0.638632328955721 ], [ 101.43154379530499, 0.639145842340647 ], [ 101.43135017454269, 0.639608823395481 ], [ 101.43114808150871, 0.640004480984504 ], [ 101.43097132372942, 0.640585300200508 ], [ 101.43097974334545, 0.640854697130167 ], [ 101.43112286307245, 0.641166143301681 ], [ 101.43137544150837, 0.641376590770031 ], [ 101.43179633848736, 0.641637566239843 ], [ 101.4321919939194, 0.641755403410407 ], [ 101.43244457633433, 0.641974345566646 ], [ 101.43256242847642, 0.642243689731029 ], [ 101.43262975072903, 0.642597285309917 ], [ 101.43252876649376, 0.642925566929584 ], [ 101.43222571261765, 0.643540065233846 ], [ 101.43198152966649, 0.643859920792659 ], [ 101.43168693910638, 0.644053550120825 ], [ 101.43137543525265, 0.644179860021368 ], [ 101.431106052538, 0.644289250028482 ], [ 101.43096290943703, 0.644398669761632 ], [ 101.4308702741814, 0.644533369585784 ], [ 101.4308282405481, 0.645046887399578 ], [ 101.43094604730362, 0.645686669285617 ], [ 101.43107232898896, 0.645930795419869 ], [ 101.43123232928552, 0.646082273275655 ], [ 101.43140065218142, 0.646141205486278 ], [ 101.43161958695701, 0.646132785663563 ], [ 101.43191418344824, 0.646107610422303 ], [ 101.43210780018495, 0.646107607444941 ], [ 101.43235194874578, 0.646183312318841 ], [ 101.43264659122913, 0.646410637958539 ], [ 101.43289077394731, 0.64671362966049 ], [ 101.43300860128359, 0.647084100187144 ], [ 101.43308437231575, 0.647917479092461 ], [ 101.43313489922473, 0.648447760660366 ], [ 101.43306756309727, 0.64884344421504 ], [ 101.43280659207215, 0.649819955673499 ], [ 101.43256242658359, 0.650173521219199 ], [ 101.43228463588694, 0.65035024405339 ], [ 101.43191423615802, 0.650560720884313 ], [ 101.43156903443727, 0.650821703872714 ], [ 101.43084503355846, 0.651688729409196 ], [ 101.43033148126878, 0.652143282659112 ], [ 101.42972535607416, 0.652707322654119 ], [ 101.42951492079401, 0.652993545247538 ], [ 101.42943071743186, 0.653262897115067 ], [ 101.42935480448519, 0.653681631187331 ], [ 101.42913118163359, 0.654258318598226 ], [ 101.42848842764623, 0.65502101728113 ], [ 101.42811989673248, 0.655423808258825 ], [ 101.42762282579199, 0.655663719886002 ], [ 101.42710003731878, 0.655698045776305 ], [ 101.42673157893756, 0.655483770649344 ], [ 101.42635444926198, 0.655098152427821 ], [ 101.42621732859766, 0.654798180959487 ], [ 101.42592593074903, 0.654549706833153 ], [ 101.42536029222386, 0.65447253268176 ], [ 101.42404048058687, 0.654421120381154 ], [ 101.42340626666601, 0.654318313234531 ], [ 101.42286640594516, 0.654421149470406 ], [ 101.42200933895646, 0.654652560458279 ], [ 101.42186367873173, 0.654763880836391 ], [ 101.42170084095264, 0.65502956718573 ], [ 101.42161512603853, 0.655852277085563 ], [ 101.42138375907, 0.656340767243279 ], [ 101.42114373732301, 0.656692075058264 ], [ 101.42081806164599, 0.656914913876591 ], [ 101.42058668598926, 0.657077698838826 ], [ 101.42048389174467, 0.657180593908225 ], [ 101.42045814203397, 0.657369125347756 ], [ 101.42056955077139, 0.657780450549929 ], [ 101.42085236350779, 0.65880026604915 ], [ 101.4208781143339, 0.65907444619758 ], [ 101.42086091283019, 0.659331566807886 ], [ 101.42074093326482, 0.659571476465861 ], [ 101.42044102009481, 0.659785717923697 ], [ 101.42008963134852, 0.659965733165947 ], [ 101.41979820381337, 0.660119962662383 ], [ 101.41961825875967, 0.660377072905092 ], [ 101.41928401467673, 0.661559683091286 ], [ 101.41913834842372, 0.66211672630466 ], [ 101.41906978313479, 0.662416619182365 ], [ 101.41890693861416, 0.662819403486229 ], [ 101.4185898525712, 0.663196416975155 ], [ 101.41842699661174, 0.663727803017029 ], [ 101.41848702972383, 0.664001966681319 ], [ 101.41900119588138, 0.66510752316328 ], [ 101.41951538928323, 0.666418678308438 ], [ 101.41978112787235, 0.66672717207169 ], [ 101.42015817930157, 0.666941441483372 ], [ 101.42061244225627, 0.666975648740019 ], [ 101.4212037843089, 0.666915709373903 ], [ 101.42177793864597, 0.666684340376083 ], [ 101.42228363067917, 0.66665860457513 ], [ 101.42261785189049, 0.666804301361923 ], [ 101.42294354291005, 0.667069927533585 ], [ 101.42338915078649, 0.667575525220342 ], [ 101.42389477292468, 0.668012589866678 ], [ 101.42456505021794, 0.668573383403452 ], [ 101.42487678094395, 0.669057899177748 ], [ 101.42540110517112, 0.669884370758331 ], [ 101.42572737148154, 0.671167053153975 ], [ 101.42586918156574, 0.671509044165809 ], [ 101.42602501043824, 0.671751346668576 ], [ 101.426336633318, 0.671865151165575 ], [ 101.42661981021129, 0.671950592711927 ]] '),
(19, 'Sam Ratulangi', 'Dump Truck', '', '[ [ 101.44502908041326, 0.533793776138028 ], [ 101.44582569655751, 0.533695042278829 ], [ 101.4463720697911, 0.533616019323492 ], [ 101.44741223785809, 0.533431696389728 ] ], [ [ 101.44284577146406, 0.534025098460342 ], [ 101.44414339460897, 0.53389082861072 ], [ 101.44501145869188, 0.533792427618657 ]] '),
(20, 'Yos Sudarso', 'Dump Truck', '', '[ [ 101.43703111651534, 0.541462352098986 ], [ 101.43764199388167, 0.545474723188238 ], [ 101.43779864359061, 0.546718000593057 ], [ 101.43752399279079, 0.547353701020255 ], [ 101.43624156785026, 0.550118354508072 ], [ 101.43566883151654, 0.551836478688722 ], [ 101.4338969235239, 0.557098244541188 ], [ 101.43232196098413, 0.561787249824267 ], [ 101.43083644925133, 0.566118351921386 ], [ 101.4297088579488, 0.569393485747791 ], [ 101.42926138725019, 0.571397963925496 ], [ 101.42906457389439, 0.572418085832142 ], [ 101.42895712431658, 0.573957181013954 ], [ 101.42892133325479, 0.576337526414238 ], [ 101.42895713435638, 0.577303958098922 ], [ 101.42931507674538, 0.578252447437958 ], [ 101.42972674842915, 0.579317313184526 ], [ 101.42983418200151, 0.580015306073398 ], [ 101.42981625086932, 0.580677475134849 ], [ 101.42969093388326, 0.581447053618642 ], [ 101.4295120224224, 0.581894476496062 ], [ 101.42924352763897, 0.582180894023103 ], [ 101.42886766436159, 0.582270345477389 ], [ 101.42831280765294, 0.582270315109146 ], [ 101.42774010450307, 0.58209135406023 ], [ 101.42705996885599, 0.581912439357351 ], [ 101.42648723714397, 0.581840840992556 ], [ 101.42605772774201, 0.581836327642447 ], [ 101.42535966314422, 0.581979509772568 ], [ 101.42476014831612, 0.582301678419223 ], [ 101.42422315772794, 0.582704342667731 ], [ 101.42361466823705, 0.583509741122184 ], [ 101.42337301195724, 0.584055519393404 ], [ 101.42327460272229, 0.58489666561449 ], [ 101.42331039867359, 0.586355273644177 ], [ 101.42330144867316, 0.588780352245717 ], [ 101.42330144990571, 0.591348487716059 ], [ 101.42328353034164, 0.593558753173563 ], [ 101.42326564567794, 0.597531928853837 ], [ 101.42321195067906, 0.601200743631284 ], [ 101.42333721369876, 0.601840529914801 ], [ 101.42356098650954, 0.602225329178118 ], [ 101.42376681669123, 0.602386372365898 ], [ 101.42389209461588, 0.602556398538699 ], [ 101.42393685314076, 0.602976975178837 ]] '),
(21, 'Siak II', 'Dump Truck', '', '[ [ 101.40358699535621, 0.535410584390505 ], [ 101.40358663504681, 0.535435979779049 ], [ 101.40355118258586, 0.537934126922194 ], [ 101.40347959457556, 0.544538094638538 ], [ 101.40339012551824, 0.544842331311414 ], [ 101.4016003839135, 0.548887045566642 ], [ 101.39970319895617, 0.553074967324448 ], [ 101.39886199285168, 0.55504367410578 ], [ 101.39857561310554, 0.555992184987702 ], [ 101.39843245900279, 0.557012304831153 ], [ 101.39789550293952, 0.561916087036381 ], [ 101.39767178422169, 0.565258786631381 ], [ 101.39757334746221, 0.568949649502393 ], [ 101.39748389346045, 0.573030205818515 ], [ 101.39734065799266, 0.578077164760463 ], [ 101.39719746935005, 0.583016759221287 ], [ 101.39719748620368, 0.586023443578213 ], [ 101.39732275511582, 0.587043541968077 ], [ 101.39751962103365, 0.587884757200749 ], [ 101.39785972795117, 0.588654333209654 ], [ 101.39841456697776, 0.589620742519063 ], [ 101.39895145014441, 0.590497687698488 ], [ 101.39947051202765, 0.59090930003568 ], [ 101.40068756401408, 0.591660959226597 ], [ 101.40584213536829, 0.594095022791699 ], [ 101.40847309687267, 0.595396973939286 ], [ 101.41046870552755, 0.596354512494611 ], [ 101.41281333319645, 0.597459654504721 ], [ 101.4149610500772, 0.598488693919328 ], [ 101.41718935313716, 0.599589359652201 ], [ 101.41945342783896, 0.600716845794801 ], [ 101.42166379537046, 0.601786150799263 ], [ 101.42393115137139, 0.602975531765257 ] ], [ [ 101.40358700581473, 0.535437425625307 ], [ 101.40358663504681, 0.535435979779049 ], [ 101.40285322371268, 0.532484454455276 ], [ 101.40158245286489, 0.527473225519828 ], [ 101.40047371441291, 0.522882709366586 ], [ 101.39910878455645, 0.517239325903278 ], [ 101.39895316843739, 0.516892797585298 ], [ 101.39827420665853, 0.516086640645327 ], [ 101.39547933013343, 0.512779702172788 ], [ 101.39385055673962, 0.510938559754438 ], [ 101.39383270536158, 0.510918412785129 ], [ 101.39372532696956, 0.510667842641255 ], [ 101.39372642945904, 0.510645881053271 ]] '),
(22, 'Garuda Sakti', 'Dump Truck', '', '[ [ 101.36809177641967, 0.46437370419727 ], [ 101.36776433255869, 0.465394712450117 ], [ 101.36714784521929, 0.467128441485889 ], [ 101.36647362919227, 0.468929522539816 ], [ 101.36611725625859, 0.469786779672266 ], [ 101.36586679526019, 0.470297224299232 ], [ 101.36575123219841, 0.470566948894458 ], [ 101.36574160085479, 0.470769216042639 ], [ 101.36577047149441, 0.470971470030661 ], [ 101.36598240054143, 0.471250753014127 ], [ 101.36659884905798, 0.471828683778735 ], [ 101.36746574736728, 0.47252221051913 ], [ 101.3678750590534, 0.472760574699257 ], [ 101.36812554625399, 0.472986882796746 ], [ 101.36819297687265, 0.473141042609142 ], [ 101.36819778257296, 0.473338514477635 ], [ 101.3680532579463, 0.473791171734351 ], [ 101.3675572098317, 0.474980703003863 ], [ 101.36745006173817, 0.475171525707451 ], [ 101.36656997182646, 0.477053840155828 ], [ 101.36578008013429, 0.478758715371232 ], [ 101.36568382572187, 0.479192106829967 ], [ 101.36540447675316, 0.479875996972729 ], [ 101.36535084995568, 0.480032819888571 ], [ 101.36479833803041, 0.481086086546 ], [ 101.35910294763366, 0.4861203813616 ], [ 101.35451302503931, 0.489724995865498 ], [ 101.3501633594157, 0.493954329216231 ], [ 101.34828887273868, 0.4952038425173 ]] '),
(23, 'Sudirman', 'Dump Truck', '', '[ [ 101.44749860636263, 0.537821823195223 ], [ 101.44742771403727, 0.533249772171346 ], [ 101.44744556660808, 0.528757573859667 ], [ 101.44737398238252, 0.524802398872958 ], [ 101.44735611028079, 0.521097712491051 ], [ 101.44732028897326, 0.518055185697661 ], [ 101.44732033181462, 0.515460074665412 ], [ 101.44732031276001, 0.514439959988262 ], [ 101.44749928662723, 0.513724057451444 ], [ 101.44914405308363, 0.510430828081595 ], [ 101.45098937267582, 0.50649372435358 ], [ 101.45143682476447, 0.505616771268663 ], [ 101.45192540134212, 0.505025828273382 ], [ 101.45290127142586, 0.50417434117207 ], [ 101.45365614576362, 0.50354064308906 ], [ 101.45390672387094, 0.503236449130858 ], [ 101.45396036153652, 0.502932149119869 ], [ 101.45381718746829, 0.502377414744196 ], [ 101.45320871906043, 0.501115610947717 ], [ 101.45304759447129, 0.50066815344454 ], [ 101.45301180183898, 0.50038187090091 ], [ 101.45313712207769, 0.500113421194534 ], [ 101.45478367247225, 0.49898587349638 ], [ 101.45545131053512, 0.497696750514195 ], [ 101.45546854899884, 0.496862438462403 ], [ 101.45521324742869, 0.496005996998829 ], [ 101.45489105654707, 0.495057401625479 ], [ 101.45478369869853, 0.494645801285684 ], [ 101.45469420724594, 0.493894127741953 ], [ 101.45462258552139, 0.493214021379498 ], [ 101.45430047477431, 0.486985852643598 ], [ 101.45401407743641, 0.47929898697619 ], [ 101.45394248164102, 0.477419834834265 ], [ 101.45392460272932, 0.474806849380118 ], [ 101.45403199011935, 0.471531579445305 ], [ 101.45404273009468, 0.471333210938863 ]] ');

-- --------------------------------------------------------

--
-- Struktur dari tabel `bf_schema_version`
--

CREATE TABLE IF NOT EXISTS `bf_schema_version` (
  `type` varchar(40) NOT NULL,
  `version` int(4) NOT NULL DEFAULT '0'
) ENGINE=InnoDB DEFAULT CHARSET=utf8;

--
-- Dumping data untuk tabel `bf_schema_version`
--

INSERT INTO `bf_schema_version` (`type`, `version`) VALUES
('core', 43),
('jalan_', 2),
('laporan_masyarakat_', 2),
('pengangkutan_sampah_', 1),
('profil_', 2),
('tps_', 2);

-- --------------------------------------------------------

--
-- Struktur dari tabel `bf_sessions`
--

CREATE TABLE IF NOT EXISTS `bf_sessions` (
  `session_id` varchar(40) NOT NULL DEFAULT '0',
  `ip_address` varchar(45) NOT NULL DEFAULT '0',
  `user_agent` varchar(120) NOT NULL,
  `last_activity` int(10) unsigned NOT NULL DEFAULT '0',
  `user_data` text NOT NULL
) ENGINE=InnoDB DEFAULT CHARSET=utf8;

-- --------------------------------------------------------

--
-- Struktur dari tabel `bf_settings`
--

CREATE TABLE IF NOT EXISTS `bf_settings` (
  `name` varchar(30) NOT NULL,
  `module` varchar(255) NOT NULL,
  `value` varchar(255) NOT NULL
) ENGINE=InnoDB DEFAULT CHARSET=utf8;

--
-- Dumping data untuk tabel `bf_settings`
--

INSERT INTO `bf_settings` (`name`, `module`, `value`) VALUES
('auth.allow_name_change', 'core', '1'),
('auth.allow_register', 'core', '0'),
('auth.allow_remember', 'core', '1'),
('auth.do_login_redirect', 'core', '1'),
('auth.login_type', 'core', 'both'),
('auth.name_change_frequency', 'core', '1'),
('auth.name_change_limit', 'core', '1'),
('auth.password_force_mixed_case', 'core', '0'),
('auth.password_force_numbers', 'core', '0'),
('auth.password_force_symbols', 'core', '0'),
('auth.password_min_length', 'core', '5'),
('auth.password_show_labels', 'core', '0'),
('auth.remember_length', 'core', '1209600'),
('auth.user_activation_method', 'core', '0'),
('auth.use_extended_profile', 'core', '0'),
('auth.use_usernames', 'core', '1'),
('ext.country', 'core', 'US'),
('ext.state', 'core', ''),
('ext.street_name', 'core', ''),
('ext.type', 'core', 'small'),
('form_save', 'core.ui', 'ctrl+s/+s'),
('goto_content', 'core.ui', 'alt+c'),
('mailpath', 'email', '/usr/sbin/sendmail'),
('mailtype', 'email', 'text'),
('password_iterations', 'users', '8'),
('protocol', 'email', 'mail'),
('sender_email', 'email', ''),
('site.languages', 'core', 'a:3:{i:0;s:7:"english";i:1;s:7:"persian";i:2;s:10:"portuguese";}'),
('site.list_limit', 'core', '25'),
('site.offline_reason', 'core', ''),
('site.show_front_profiler', 'core', '0'),
('site.show_profiler', 'core', '0'),
('site.status', 'core', '1'),
('site.system_email', 'core', 'admin@sifsuska.id'),
('site.title', 'core', 'Sistem Informasi Geografis'),
('smtp_host', 'email', ''),
('smtp_pass', 'email', ''),
('smtp_port', 'email', ''),
('smtp_timeout', 'email', ''),
('smtp_user', 'email', ''),
('updates.bleeding_edge', 'core', '1'),
('updates.do_check', 'core', '1');

-- --------------------------------------------------------

--
-- Struktur dari tabel `bf_states`
--

CREATE TABLE IF NOT EXISTS `bf_states` (
  `id` int(11) NOT NULL,
  `name` char(40) NOT NULL,
  `abbrev` char(2) NOT NULL
) ENGINE=InnoDB AUTO_INCREMENT=64 DEFAULT CHARSET=utf8;

--
-- Dumping data untuk tabel `bf_states`
--

INSERT INTO `bf_states` (`id`, `name`, `abbrev`) VALUES
(1, 'Alaska', 'AK'),
(2, 'Alabama', 'AL'),
(3, 'American Samoa', 'AS'),
(4, 'Arizona', 'AZ'),
(5, 'Arkansas', 'AR'),
(6, 'California', 'CA'),
(7, 'Colorado', 'CO'),
(8, 'Connecticut', 'CT'),
(9, 'Delaware', 'DE'),
(10, 'District of Columbia', 'DC'),
(11, 'Florida', 'FL'),
(12, 'Georgia', 'GA'),
(13, 'Guam', 'GU'),
(14, 'Hawaii', 'HI'),
(15, 'Idaho', 'ID'),
(16, 'Illinois', 'IL'),
(17, 'Indiana', 'IN'),
(18, 'Iowa', 'IA'),
(19, 'Kansas', 'KS'),
(20, 'Kentucky', 'KY'),
(21, 'Louisiana', 'LA'),
(22, 'Maine', 'ME'),
(23, 'Marshall Islands', 'MH'),
(24, 'Maryland', 'MD'),
(25, 'Massachusetts', 'MA'),
(26, 'Michigan', 'MI'),
(27, 'Minnesota', 'MN'),
(28, 'Mississippi', 'MS'),
(29, 'Missouri', 'MO'),
(30, 'Montana', 'MT'),
(31, 'Nebraska', 'NE'),
(32, 'Nevada', 'NV'),
(33, 'New Hampshire', 'NH'),
(34, 'New Jersey', 'NJ'),
(35, 'New Mexico', 'NM'),
(36, 'New York', 'NY'),
(37, 'North Carolina', 'NC'),
(38, 'North Dakota', 'ND'),
(39, 'Northern Mariana Islands', 'MP'),
(40, 'Ohio', 'OH'),
(41, 'Oklahoma', 'OK'),
(42, 'Oregon', 'OR'),
(43, 'Palau', 'PW'),
(44, 'Pennsylvania', 'PA'),
(45, 'Puerto Rico', 'PR'),
(46, 'Rhode Island', 'RI'),
(47, 'South Carolina', 'SC'),
(48, 'South Dakota', 'SD'),
(49, 'Tennessee', 'TN'),
(50, 'Texas', 'TX'),
(51, 'Utah', 'UT'),
(52, 'Vermont', 'VT'),
(53, 'Virgin Islands', 'VI'),
(54, 'Virginia', 'VA'),
(55, 'Washington', 'WA'),
(56, 'West Virginia', 'WV'),
(57, 'Wisconsin', 'WI'),
(58, 'Wyoming', 'WY'),
(59, 'Armed Forces Africa', 'AE'),
(60, 'Armed Forces Canada', 'AE'),
(61, 'Armed Forces Europe', 'AE'),
(62, 'Armed Forces Middle East', 'AE'),
(63, 'Armed Forces Pacific', 'AP');

-- --------------------------------------------------------

--
-- Struktur dari tabel `bf_tps`
--

CREATE TABLE IF NOT EXISTS `bf_tps` (
  `id` int(11) NOT NULL,
  `nama` varchar(30) NOT NULL,
  `status` enum('Pinggir Jalan','Lahan Kosong') DEFAULT 'Pinggir Jalan',
  `kelurahan` varchar(30) DEFAULT NULL,
  `kecamatan` varchar(30) DEFAULT NULL,
  `volume` int(11) DEFAULT '0',
  `luas` bigint(20) DEFAULT '0',
  `keterangan` text,
  `lat` double DEFAULT '0',
  `long` double DEFAULT '0',
  `zoom` int(11) DEFAULT '0'
) ENGINE=InnoDB AUTO_INCREMENT=34 DEFAULT CHARSET=utf8;

--
-- Dumping data untuk tabel `bf_tps`
--

INSERT INTO `bf_tps` (`id`, `nama`, `status`, `kelurahan`, `kecamatan`, `volume`, `luas`, `keterangan`, `lat`, `long`, `zoom`) VALUES
(8, 'TPS Jl. Rajawali', 'Pinggir Jalan', 'Kampung Melayu', 'Sukajadi', 900, 20, '', 0.5140388193651779, 101.43356502056122, 17),
(9, 'TPS Jl. Soekarno Hatta', 'Pinggir Jalan', 'Sidomulyo Barat', 'Tampan', 0, 0, '', 0.4658359227216755, 101.41848027706146, 17),
(10, 'TPS Perum Wadya Graha II', 'Lahan Kosong', 'Delima', 'Tampan', 0, 0, 'Milik Masyarakat', 0.4909190667642348, 101.40879213809967, 17),
(11, 'TPS Jl. Semar', 'Lahan Kosong', 'Delima', 'Tampan', 0, 0, '', 0.4889128477643375, 101.40382468700408, 17),
(12, 'TPS Jl. Teladan', 'Pinggir Jalan', 'Simpang Baru', 'Tampan', 0, 0, 'TPS ini sudah terdapat larangan untuk membuang sampah namun sampah justru semakin banyak dan melebar.', 0.4739359213764337, 101.36864483356476, 17),
(13, 'TPS Depan Kampus Uin', 'Pinggir Jalan', 'Simpang Baru', 'Tampan', 0, 0, '', 0.45946320186739925, 101.35843098163605, 17),
(14, 'TPS Jl. Srikandi', 'Pinggir Jalan', 'Delima', 'Tampan', 0, 0, '', 0.49733467229791317, 101.40543401241302, 17),
(15, 'TPS Jl. Marsan', 'Lahan Kosong', 'Sidomulyo Barat', 'Tampan', 0, 0, '', 0.4596885000131031, 101.40948951244354, 17),
(16, 'TPS Jl. Soekarna Hatta', 'Pinggir Jalan', 'Sidomulyo Barat', 'Tampan', 0, 0, '', 0.46675356519157113, 101.4188826084137, 16),
(17, 'TPS SMKN 4', 'Pinggir Jalan', 'Sidomulyo Barat', 'Tampan', 18, 6, 'Milik Sekolah', 0.44716834059001137, 101.39009177684784, 17),
(18, 'TPS Kubang Raya KM 2', 'Pinggir Jalan', 'Tuah Karya', 'Tampan', 0, 0, '', 0.45427061013467057, 101.36856973171234, 17),
(19, 'TPS Jl. Kamboja', 'Lahan Kosong', 'Delima', 'Tampan', 0, 0, '', 0.465750094869481, 101.41281545162201, 17),
(20, 'TPS Simp. JL. Abadi SH', 'Pinggir Jalan', 'Delima', 'Tampan', 54, 18, 'Milik Masyarakat', 0.46813181721531805, 101.41779363155365, 17),
(22, 'TPS Seberang Jalan Melur', 'Lahan Kosong', 'Delima', 'Tampan', 0, 0, '', 0.46424810712353715, 101.41080915927887, 17),
(23, 'TPS Jl. Manggis', 'Pinggir Jalan', 'Sidomulyo Barat', 'Tampan', 0, 0, '', 0.46366876897078074, 101.40857756137848, 17),
(24, 'TPS Pasar Purwodadi', 'Lahan Kosong', 'Sidomulyo Barat', 'Tampan', 0, 0, '', 0.46382969624018494, 101.40500485897064, 17),
(25, 'TPS Depan SDN 167', 'Pinggir Jalan', 'Sidomulyo Barat', 'Tampan', 0, 0, 'Bin Container DKP', 0.4459452902633682, 101.4126867055893, 17),
(26, 'TPS Depan SMK Muhammadiyah', 'Pinggir Jalan', 'Tuah Karya', 'Tampan', 0, 0, '', 0.4465246300033105, 101.39013469219208, 17),
(27, 'TPS SIMP. Jl. Cipta Karya', 'Pinggir Jalan', 'Tuah Karya', 'Tampan', 0, 0, '', 0.46380823927114734, 101.39557421207428, 17),
(28, 'TPS Jl. Tuah Karya', 'Pinggir Jalan', 'Tuah Karya', 'Tampan', 0, 0, '', 0.4629177749985119, 101.36948168277739, 17),
(29, 'TPS Simp Jl. Merpati Sakti', 'Pinggir Jalan', 'Simpang Baru', 'Tampan', 0, 0, '', 0.47289525980347497, 101.3684731721878, 17),
(30, 'TPS SMAN 12', 'Pinggir Jalan', 'Simpang Baru', 'Tampan', 9, 6, 'Milik Sekolah', 0.4860376237680677, 101.36590898036957, 17),
(31, 'TPS Jl. Melati', 'Pinggir Jalan', 'Simpang Baru', 'Tampan', 0, 0, '', 0.48337696763617943, 101.36708915233612, 17),
(32, 'TPS Garuda Sakti KM. 3', 'Pinggir Jalan', 'Simpang Baru', 'Tampan', 0, 0, '', 0.4877970895081103, 101.35726153850555, 17),
(33, 'TPS Simp Masjid Al-Ikhlas', 'Pinggir Jalan', 'Simpang Baru', 'Tampan', 0, 0, '', 0.4654175117687073, 101.38980209827423, 17);

-- --------------------------------------------------------

--
-- Struktur dari tabel `bf_users`
--

CREATE TABLE IF NOT EXISTS `bf_users` (
  `id` bigint(20) unsigned NOT NULL,
  `role_id` int(11) NOT NULL DEFAULT '4',
  `email` varchar(254) NOT NULL,
  `username` varchar(30) NOT NULL DEFAULT '',
  `password_hash` char(60) DEFAULT NULL,
  `reset_hash` varchar(40) DEFAULT NULL,
  `last_login` datetime NOT NULL DEFAULT '0000-00-00 00:00:00',
  `last_ip` varchar(45) NOT NULL DEFAULT '',
  `created_on` datetime NOT NULL DEFAULT '0000-00-00 00:00:00',
  `deleted` tinyint(1) NOT NULL DEFAULT '0',
  `reset_by` int(10) DEFAULT NULL,
  `banned` tinyint(1) NOT NULL DEFAULT '0',
  `ban_message` varchar(255) DEFAULT NULL,
  `display_name` varchar(255) DEFAULT '',
  `display_name_changed` date DEFAULT NULL,
  `timezone` varchar(40) NOT NULL DEFAULT 'UM6',
  `language` varchar(20) NOT NULL DEFAULT 'english',
  `active` tinyint(1) NOT NULL DEFAULT '0',
  `activate_hash` varchar(40) NOT NULL DEFAULT '',
  `force_password_reset` tinyint(1) DEFAULT '0'
) ENGINE=InnoDB AUTO_INCREMENT=4 DEFAULT CHARSET=utf8;

--
-- Dumping data untuk tabel `bf_users`
--

INSERT INTO `bf_users` (`id`, `role_id`, `email`, `username`, `password_hash`, `reset_hash`, `last_login`, `last_ip`, `created_on`, `deleted`, `reset_by`, `banned`, `ban_message`, `display_name`, `display_name_changed`, `timezone`, `language`, `active`, `activate_hash`, `force_password_reset`) VALUES
(1, 1, 'admin@mybonfire.com', 'admin', '$2a$08$9S2cerFHD1XLnSmSDacR.O0OT6/7BRDdVhMP8dQgU.WylDZC3ci7C', NULL, '2017-11-12 22:54:34', '127.0.0.1', '2017-04-19 10:27:12', 0, NULL, 0, NULL, 'admin', NULL, 'UM6', 'english', 1, '', 0),
(2, 4, 'ekawdr@gmail.com', 'eka', '$2a$08$9S2cerFHD1XLnSmSDacR.O0OT6/7BRDdVhMP8dQgU.WylDZC3ci7C', NULL, '2017-09-19 22:17:15', '127.0.0.1', '2017-04-19 10:39:01', 0, NULL, 0, NULL, 'Eka Wulandari', NULL, 'UM8', 'english', 1, '', 0),
(3, 7, 'masanto@gmail.com', 'masanto', '$2a$08$9S2cerFHD1XLnSmSDacR.O0OT6/7BRDdVhMP8dQgU.WylDZC3ci7C', NULL, '2017-11-04 16:05:20', '127.0.0.1', '2017-09-20 15:09:16', 0, NULL, 0, NULL, 'Anto Marudin', NULL, 'UM8', 'english', 1, '', 0);

-- --------------------------------------------------------

--
-- Struktur dari tabel `bf_user_cookies`
--

CREATE TABLE IF NOT EXISTS `bf_user_cookies` (
  `user_id` bigint(20) unsigned NOT NULL,
  `token` varchar(128) NOT NULL,
  `created_on` datetime NOT NULL
) ENGINE=InnoDB DEFAULT CHARSET=utf8;

-- --------------------------------------------------------

--
-- Struktur dari tabel `bf_user_meta`
--

CREATE TABLE IF NOT EXISTS `bf_user_meta` (
  `meta_id` int(20) unsigned NOT NULL,
  `user_id` bigint(20) unsigned NOT NULL DEFAULT '0',
  `meta_key` varchar(255) NOT NULL DEFAULT '',
  `meta_value` text
) ENGINE=InnoDB AUTO_INCREMENT=5 DEFAULT CHARSET=utf8;

--
-- Dumping data untuk tabel `bf_user_meta`
--

INSERT INTO `bf_user_meta` (`meta_id`, `user_id`, `meta_key`, `meta_value`) VALUES
(1, 2, 'state', ''),
(2, 2, 'country', 'US'),
(3, 3, 'state', 'RI'),
(4, 3, 'country', 'ID');

--
-- Indexes for dumped tables
--

--
-- Indexes for table `bf_activities`
--
ALTER TABLE `bf_activities`
  ADD PRIMARY KEY (`activity_id`);

--
-- Indexes for table `bf_ci3_sessions`
--
ALTER TABLE `bf_ci3_sessions`
  ADD PRIMARY KEY (`id`);

--
-- Indexes for table `bf_countries`
--
ALTER TABLE `bf_countries`
  ADD PRIMARY KEY (`iso`);

--
-- Indexes for table `bf_email_queue`
--
ALTER TABLE `bf_email_queue`
  ADD PRIMARY KEY (`id`);

--
-- Indexes for table `bf_laporangkut`
--
ALTER TABLE `bf_laporangkut`
  ADD PRIMARY KEY (`id_laporan`);

--
-- Indexes for table `bf_laporan_masyarakat`
--
ALTER TABLE `bf_laporan_masyarakat`
  ADD PRIMARY KEY (`id_laporanmas`);

--
-- Indexes for table `bf_login_attempts`
--
ALTER TABLE `bf_login_attempts`
  ADD PRIMARY KEY (`id`);

--
-- Indexes for table `bf_permissions`
--
ALTER TABLE `bf_permissions`
  ADD PRIMARY KEY (`permission_id`);

--
-- Indexes for table `bf_profil`
--
ALTER TABLE `bf_profil`
  ADD PRIMARY KEY (`id_profil`);

--
-- Indexes for table `bf_roles`
--
ALTER TABLE `bf_roles`
  ADD PRIMARY KEY (`role_id`);

--
-- Indexes for table `bf_role_permissions`
--
ALTER TABLE `bf_role_permissions`
  ADD PRIMARY KEY (`role_id`,`permission_id`);

--
-- Indexes for table `bf_rute`
--
ALTER TABLE `bf_rute`
  ADD PRIMARY KEY (`id`);

--
-- Indexes for table `bf_schema_version`
--
ALTER TABLE `bf_schema_version`
  ADD PRIMARY KEY (`type`);

--
-- Indexes for table `bf_sessions`
--
ALTER TABLE `bf_sessions`
  ADD PRIMARY KEY (`session_id`);

--
-- Indexes for table `bf_settings`
--
ALTER TABLE `bf_settings`
  ADD PRIMARY KEY (`name`);

--
-- Indexes for table `bf_states`
--
ALTER TABLE `bf_states`
  ADD PRIMARY KEY (`id`);

--
-- Indexes for table `bf_tps`
--
ALTER TABLE `bf_tps`
  ADD PRIMARY KEY (`id`);

--
-- Indexes for table `bf_users`
--
ALTER TABLE `bf_users`
  ADD PRIMARY KEY (`id`), ADD KEY `email` (`email`);

--
-- Indexes for table `bf_user_cookies`
--
ALTER TABLE `bf_user_cookies`
  ADD KEY `token` (`token`);

--
-- Indexes for table `bf_user_meta`
--
ALTER TABLE `bf_user_meta`
  ADD PRIMARY KEY (`meta_id`);

--
-- AUTO_INCREMENT for dumped tables
--

--
-- AUTO_INCREMENT for table `bf_activities`
--
ALTER TABLE `bf_activities`
  MODIFY `activity_id` bigint(20) NOT NULL AUTO_INCREMENT,AUTO_INCREMENT=170;
--
-- AUTO_INCREMENT for table `bf_email_queue`
--
ALTER TABLE `bf_email_queue`
  MODIFY `id` int(11) NOT NULL AUTO_INCREMENT;
--
-- AUTO_INCREMENT for table `bf_laporangkut`
--
ALTER TABLE `bf_laporangkut`
  MODIFY `id_laporan` int(11) NOT NULL AUTO_INCREMENT,AUTO_INCREMENT=10;
--
-- AUTO_INCREMENT for table `bf_laporan_masyarakat`
--
ALTER TABLE `bf_laporan_masyarakat`
  MODIFY `id_laporanmas` int(11) NOT NULL AUTO_INCREMENT,AUTO_INCREMENT=4;
--
-- AUTO_INCREMENT for table `bf_login_attempts`
--
ALTER TABLE `bf_login_attempts`
  MODIFY `id` bigint(20) NOT NULL AUTO_INCREMENT;
--
-- AUTO_INCREMENT for table `bf_permissions`
--
ALTER TABLE `bf_permissions`
  MODIFY `permission_id` int(11) NOT NULL AUTO_INCREMENT,AUTO_INCREMENT=180;
--
-- AUTO_INCREMENT for table `bf_profil`
--
ALTER TABLE `bf_profil`
  MODIFY `id_profil` int(11) NOT NULL AUTO_INCREMENT,AUTO_INCREMENT=4;
--
-- AUTO_INCREMENT for table `bf_roles`
--
ALTER TABLE `bf_roles`
  MODIFY `role_id` int(11) NOT NULL AUTO_INCREMENT,AUTO_INCREMENT=9;
--
-- AUTO_INCREMENT for table `bf_rute`
--
ALTER TABLE `bf_rute`
  MODIFY `id` int(11) NOT NULL AUTO_INCREMENT,AUTO_INCREMENT=24;
--
-- AUTO_INCREMENT for table `bf_states`
--
ALTER TABLE `bf_states`
  MODIFY `id` int(11) NOT NULL AUTO_INCREMENT,AUTO_INCREMENT=64;
--
-- AUTO_INCREMENT for table `bf_tps`
--
ALTER TABLE `bf_tps`
  MODIFY `id` int(11) NOT NULL AUTO_INCREMENT,AUTO_INCREMENT=34;
--
-- AUTO_INCREMENT for table `bf_users`
--
ALTER TABLE `bf_users`
  MODIFY `id` bigint(20) unsigned NOT NULL AUTO_INCREMENT,AUTO_INCREMENT=4;
--
-- AUTO_INCREMENT for table `bf_user_meta`
--
ALTER TABLE `bf_user_meta`
  MODIFY `meta_id` int(20) unsigned NOT NULL AUTO_INCREMENT,AUTO_INCREMENT=5;
/*!40101 SET CHARACTER_SET_CLIENT=@OLD_CHARACTER_SET_CLIENT */;
/*!40101 SET CHARACTER_SET_RESULTS=@OLD_CHARACTER_SET_RESULTS */;
/*!40101 SET COLLATION_CONNECTION=@OLD_COLLATION_CONNECTION */;
